gkz;name;plz;bundesland
10101;Eisenstadt;7000;Burgenland
10201;Rust;7071;Burgenland
10301;Breitenbrunn am Neusiedler See;7091;Burgenland
10302;Donnerskirchen;7082;Burgenland
10303;Großhöflein;7051;Burgenland
10304;Hornstein;7053;Burgenland
10305;Klingenbach;7013;Burgenland
10306;Leithaprodersdorf;2443;Burgenland
10307;Mörbisch am See;7072;Burgenland
10308;Müllendorf;7052;Burgenland
10309;Neufeld an der Leitha;2491;Burgenland
10310;Oggau am Neusiedler See;7063;Burgenland
10311;Oslip;7064;Burgenland
10312;Purbach am Neusiedler See;7083;Burgenland
10313;Sankt Margarethen im Burgenland;7062;Burgenland
10314;Schützen am Gebirge;7081;Burgenland
10315;Siegendorf;7011;Burgenland
10316;Steinbrunn;7035;Burgenland
10317;Trausdorf an der Wulka;7061;Burgenland
10318;Wimpassing an der Leitha;2485;Burgenland
10319;Wulkaprodersdorf;7041;Burgenland
10320;Loretto;2443;Burgenland
10321;Stotzing;2443;Burgenland
10322;Zillingtal;7034;Burgenland
10323;Zagersdorf;7012;Burgenland
10401;Bocksdorf;7553;Burgenland
10402;Burgauberg-Neudauberg;7574;Burgenland
10403;Eberau;7521;Burgenland
10404;Gerersdorf-Sulz;7542;Burgenland
10405;Güssing;7540;Burgenland
10406;Güttenbach;7536;Burgenland
10407;Heiligenbrunn;7522;Burgenland
10408;Kukmirn;7543;Burgenland
10409;Neuberg im Burgenland;7537;Burgenland
10410;Neustift bei Güssing;7545;Burgenland
10411;Olbendorf;7534;Burgenland
10412;Ollersdorf im Burgenland;7533;Burgenland
10413;Sankt Michael im Burgenland;7535;Burgenland
10414;Stegersbach;7551;Burgenland
10415;Stinatz;7552;Burgenland
10416;Strem;7522;Burgenland
10417;Tobaj;7544;Burgenland
10418;Hackerberg;8292;Burgenland
10419;Wörterberg;7550;Burgenland
10420;Großmürbisch;7540;Burgenland
10421;Inzenhof;7540;Burgenland
10422;Kleinmürbisch;7540;Burgenland
10423;Tschanigraben;7540;Burgenland
10424;Heugraben;7551;Burgenland
10425;Rohr im Burgenland;7554;Burgenland
10426;Bildein;7521;Burgenland
10427;Rauchwart;7535;Burgenland
10428;Moschendorf;7546;Burgenland
10501;Deutsch Kaltenbrunn;7572;Burgenland
10502;Eltendorf;7562;Burgenland
10503;Heiligenkreuz im Lafnitztal;7561;Burgenland
10504;Jennersdorf;8380;Burgenland
10505;Minihof-Liebau;8384;Burgenland
10506;Mogersdorf;8382;Burgenland
10507;Neuhaus am Klausenbach;8385;Burgenland
10508;Rudersdorf;7571;Burgenland
10509;Sankt Martin an der Raab;8383;Burgenland
10510;Weichselbaum;8382;Burgenland
10511;Königsdorf;7563;Burgenland
10512;Mühlgraben;8385;Burgenland
10601;Draßburg;7021;Burgenland
10602;Forchtenstein;7212;Burgenland
10603;Hirm;7024;Burgenland
10604;Loipersbach im Burgenland;7020;Burgenland
10605;Marz;7221;Burgenland
10606;Mattersburg;7210;Burgenland
10607;Neudörfl;7201;Burgenland
10608;Pöttelsdorf;7025;Burgenland
10609;Pöttsching;7033;Burgenland
10610;Rohrbach bei Mattersburg;7222;Burgenland
10611;Bad Sauerbrunn;7202;Burgenland
10612;Schattendorf;7022;Burgenland
10613;Sieggraben;7223;Burgenland
10614;Sigleß;7032;Burgenland
10615;Wiesen;7203;Burgenland
10616;Antau;7042;Burgenland
10617;Baumgarten;7021;Burgenland
10618;Zemendorf-Stöttera;7023;Burgenland
10619;Krensdorf;7031;Burgenland
10701;Andau;7163;Burgenland
10702;Apetlon;7143;Burgenland
10703;Bruckneudorf;2460;Burgenland
10704;Deutsch Jahrndorf;2423;Burgenland
10705;Frauenkirchen;7132;Burgenland
10706;Gattendorf;2474;Burgenland
10707;Gols;7122;Burgenland
10708;Halbturn;7131;Burgenland
10709;Illmitz;7142;Burgenland
10710;Jois;7093;Burgenland
10711;Kittsee;2421;Burgenland
10712;Mönchhof;7123;Burgenland
10713;Neusiedl am See;7100;Burgenland
10714;Nickelsdorf;2425;Burgenland
10715;Pama;2422;Burgenland
10716;Pamhagen;7152;Burgenland
10717;Parndorf;7111;Burgenland
10718;Podersdorf am See;7141;Burgenland
10719;Sankt Andrä am Zicksee;7161;Burgenland
10720;Tadten;7162;Burgenland
10721;Wallern im Burgenland;7151;Burgenland
10722;Weiden am See;7121;Burgenland
10723;Winden am See;7092;Burgenland
10724;Zurndorf;2424;Burgenland
10725;Neudorf;2475;Burgenland
10726;Potzneusiedl;2473;Burgenland
10727;Edelstal;2413;Burgenland
10801;Deutschkreutz;7301;Burgenland
10802;Draßmarkt;7372;Burgenland
10803;Frankenau-Unterpullendorf;7361;Burgenland
10804;Großwarasdorf;7304;Burgenland
10805;Horitschon;7312;Burgenland
10806;Kaisersdorf;7342;Burgenland
10807;Kobersdorf;7332;Burgenland
10808;Lackenbach;7322;Burgenland
10809;Lockenhaus;7442;Burgenland
10810;Lutzmannsburg;7361;Burgenland
10811;Mannersdorf an der Rabnitz;7444;Burgenland
10812;Markt Sankt Martin;7341;Burgenland
10813;Neckenmarkt;7311;Burgenland
10814;Neutal;7343;Burgenland
10815;Nikitsch;7302;Burgenland
10816;Oberpullendorf;7350;Burgenland
10817;Pilgersdorf;7441;Burgenland
10818;Piringsdorf;7373;Burgenland
10819;Raiding;7321;Burgenland
10820;Ritzing;7323;Burgenland
10821;Steinberg-Dörfl;7453;Burgenland
10822;Stoob;7344;Burgenland
10823;Weppersdorf;7331;Burgenland
10824;Lackendorf;7321;Burgenland
10825;Unterfrauenhaid;7321;Burgenland
10826;Unterrabnitz-Schwendgraben;7371;Burgenland
10827;Weingraben;7374;Burgenland
10828;Oberloisdorf;7451;Burgenland
10901;Bad Tatzmannsdorf;7431;Burgenland
10902;Bernstein;7434;Burgenland
10903;Deutsch Schützen-Eisenberg;7474;Burgenland
10904;Grafenschachen;7423;Burgenland
10905;Großpetersdorf;7503;Burgenland
10906;Hannersdorf;7473;Burgenland
10907;Kemeten;7531;Burgenland
10908;Kohfidisch;7512;Burgenland
10909;Litzelsdorf;7532;Burgenland
10910;Loipersdorf-Kitzladen;7410;Burgenland
10911;Mariasdorf;7433;Burgenland
10912;Markt Allhau;7411;Burgenland
10913;Markt Neuhodis;7464;Burgenland
10914;Mischendorf;7511;Burgenland
10915;Oberdorf im Burgenland;7501;Burgenland
10916;Oberschützen;7432;Burgenland
10917;Oberwart;7400;Burgenland
10918;Pinkafeld;7423;Burgenland
10919;Rechnitz;7471;Burgenland
10920;Riedlingsdorf;7422;Burgenland
10921;Rotenturm an der Pinka;7501;Burgenland
10922;Schachendorf;7472;Burgenland
10923;Stadtschlaining;7461;Burgenland
10924;Unterkohlstätten;7435;Burgenland
10925;Unterwart;7502;Burgenland
10926;Weiden bei Rechnitz;7463;Burgenland
10927;Wiesfleck;7425;Burgenland
10928;Wolfau;7412;Burgenland
10929;Neustift an der Lafnitz;7420;Burgenland
10930;Jabing;7503;Burgenland
10931;Badersdorf;7512;Burgenland
10932;Schandorf;7472;Burgenland
20101;Klagenfurt am Wörthersee;9020;Kärnten
20201;Villach;9500;Kärnten
20302;Dellach;9635;Kärnten
20305;Hermagor-Pressegger See;9620;Kärnten
20306;Kirchbach;9632;Kärnten
20307;Kötschach-Mauthen;9640;Kärnten
20316;St. Stefan im Gailtal;9623;Kärnten
20320;Gitschtal;9622;Kärnten
20321;Lesachtal;9653;Kärnten
20402;Ebenthal in Kärnten;9065;Kärnten
20403;Feistritz im Rosental;9181;Kärnten
20405;Ferlach;9170;Kärnten
20409;Grafenstein;9131;Kärnten
20412;Keutschach am See;9074;Kärnten
20414;Köttmannsdorf;9071;Kärnten
20415;Krumpendorf am Wörthersee;9201;Kärnten
20416;Ludmannsdorf;9072;Kärnten
20417;Maria Rain;9161;Kärnten
20418;Maria Saal;9063;Kärnten
20419;Maria Wörth;9081;Kärnten
20421;Moosburg;9062;Kärnten
20424;Pörtschach am Wörther See;9210;Kärnten
20425;Poggersdorf;9130;Kärnten
20428;St. Margareten im Rosental;9173;Kärnten
20432;Schiefling am Wörthersee;9535;Kärnten
20435;Techelsberg am Wörther See;9212;Kärnten
20441;Zell;9170;Kärnten
20442;Magdalensberg;9064;Kärnten
20501;Althofen;9330;Kärnten
20502;Brückl;9371;Kärnten
20503;Deutsch-Griffen;9572;Kärnten
20504;Eberstein;9372;Kärnten
20505;Friesach;9360;Kärnten
20506;Glödnitz;9346;Kärnten
20508;Gurk;9342;Kärnten
20509;Guttaring;9334;Kärnten
20511;Hüttenberg;9375;Kärnten
20512;Kappel am Krappfeld;9321;Kärnten
20513;Klein St. Paul;9373;Kärnten
20515;Liebenfels;9556;Kärnten
20518;Metnitz;9363;Kärnten
20519;Micheldorf;9322;Kärnten
20520;Mölbling;9330;Kärnten
20523;St. Georgen am Längsee;9314;Kärnten
20527;St. Veit an der Glan;9300;Kärnten
20530;Straßburg;9341;Kärnten
20531;Weitensfeld im Gurktal;9344;Kärnten
20534;Frauenstein;9311;Kärnten
20601;Bad Kleinkirchheim;9546;Kärnten
20602;Baldramsdorf;9805;Kärnten
20603;Berg im Drautal;9771;Kärnten
20604;Dellach im Drautal;9772;Kärnten
20605;Großkirchheim;9843;Kärnten
20607;Flattach;9831;Kärnten
20608;Gmünd in Kärnten;9853;Kärnten
20609;Greifenburg;9761;Kärnten
20610;Heiligenblut am Großglockner;9844;Kärnten
20611;Irschen;9773;Kärnten
20613;Kleblach-Lind;9753;Kärnten
20616;Lendorf;9811;Kärnten
20618;Mallnitz;9822;Kärnten
20619;Malta;9854;Kärnten
20620;Millstatt am See;9872;Kärnten
20622;Mörtschach;9842;Kärnten
20624;Mühldorf;9814;Kärnten
20625;Oberdrauburg;9781;Kärnten
20627;Obervellach;9821;Kärnten
20630;Radenthein;9545;Kärnten
20631;Rangersdorf;9833;Kärnten
20632;Rennweg am Katschberg;9863;Kärnten
20633;Sachsenburg;9751;Kärnten
20634;Seeboden am Millstätter See;9871;Kärnten
20635;Spittal an der Drau;9800;Kärnten
20636;Stall;9832;Kärnten
20637;Steinfeld;9754;Kärnten
20638;Trebesing;9852;Kärnten
20639;Weißensee;9762;Kärnten
20640;Winklern;9841;Kärnten
20642;Krems in Kärnten;9861;Kärnten
20643;Lurnfeld;9813;Kärnten
20644;Reißeck;9815;Kärnten
20701;Afritz am See;9542;Kärnten
20702;Arnoldstein;9601;Kärnten
20703;Arriach;9543;Kärnten
20705;Bad Bleiberg;9530;Kärnten
20707;Feistritz an der Gail;9613;Kärnten
20708;Feld am See;9544;Kärnten
20710;Ferndorf;9702;Kärnten
20711;Finkenstein am Faaker See;9584;Kärnten
20712;Fresach;9712;Kärnten
20713;Hohenthurn;9613;Kärnten
20719;Nötsch im Gailtal;9611;Kärnten
20720;Paternion;9711;Kärnten
20721;Rosegg;9232;Kärnten
20722;St. Jakob im Rosental;9184;Kärnten
20723;Stockenboi;9713;Kärnten
20724;Treffen am Ossiacher See;9521;Kärnten
20725;Velden am Wörther See;9220;Kärnten
20726;Weißenstein;9721;Kärnten
20727;Wernberg;9241;Kärnten
20801;Bleiburg;9150;Kärnten
20802;Diex;9103;Kärnten
20803;Eberndorf;9141;Kärnten
20804;Eisenkappel-Vellach;9135;Kärnten
20805;Feistritz ob Bleiburg;9143;Kärnten
20806;Gallizien;9132;Kärnten
20807;Globasnitz;9142;Kärnten
20808;Griffen;9112;Kärnten
20810;Neuhaus;9155;Kärnten
20812;Ruden;9113;Kärnten
20813;St. Kanzian am Klopeiner See;9122;Kärnten
20815;Sittersdorf;9133;Kärnten
20817;Völkermarkt;9100;Kärnten
20901;Bad St. Leonhard im Lavanttal;9462;Kärnten
20905;Frantschach-St. Gertraud;9413;Kärnten
20909;Lavamünd;9473;Kärnten
20911;Preitenegg;9451;Kärnten
20912;Reichenfels;9463;Kärnten
20913;St. Andrä;9433;Kärnten
20914;St. Georgen im Lavanttal;9423;Kärnten
20918;St. Paul im Lavanttal;9470;Kärnten
20923;Wolfsberg;9400;Kärnten
21001;Albeck;9571;Kärnten
21002;Feldkirchen in Kärnten;9560;Kärnten
21003;Glanegg;9555;Kärnten
21004;Gnesau;9563;Kärnten
21005;Himmelberg;9562;Kärnten
21006;Ossiach;9570;Kärnten
21007;Reichenau;9565;Kärnten
21008;St. Urban;9554;Kärnten
21009;Steindorf am Ossiacher See;9551;Kärnten
21010;Steuerberg;9560;Kärnten
30101;Krems an der Donau;3500;Niederösterreich
30201;St. Pölten;3100;Niederösterreich
30301;Waidhofen an der Ybbs;3340;Niederösterreich
30401;Wiener Neustadt;2700;Niederösterreich
30501;Allhartsberg;3365;Niederösterreich
30502;Amstetten;3300;Niederösterreich
30503;Ardagger;3321;Niederösterreich
30504;Aschbach-Markt;3361;Niederösterreich
30506;Behamberg;4441;Niederösterreich
30507;Biberbach;3353;Niederösterreich
30508;Ennsdorf;4482;Niederösterreich
30509;Ernsthofen;4432;Niederösterreich
30510;Ertl;3355;Niederösterreich
30511;Euratsfeld;3324;Niederösterreich
30512;Ferschnitz;3325;Niederösterreich
30514;Haag;3350;Niederösterreich
30515;Haidershofen;4431;Niederösterreich
30516;Hollenstein an der Ybbs;3343;Niederösterreich
30517;Kematen an der Ybbs;3331;Niederösterreich
30520;Neuhofen an der Ybbs;3364;Niederösterreich
30521;Neustadtl an der Donau;3323;Niederösterreich
30522;Oed-Oehling;3362;Niederösterreich
30524;Opponitz;3342;Niederösterreich
30526;St. Georgen am Reith;3344;Niederösterreich
30527;St. Georgen am Ybbsfelde;3304;Niederösterreich
30529;St. Pantaleon-Erla;4303;Niederösterreich
30530;St. Peter in der Au;3352;Niederösterreich
30531;St. Valentin;4300;Niederösterreich
30532;Seitenstetten;3353;Niederösterreich
30533;Sonntagberg;3332;Niederösterreich
30534;Strengberg;3314;Niederösterreich
30536;Viehdorf;3322;Niederösterreich
30538;Wallsee-Sindelburg;3313;Niederösterreich
30539;Weistrach;3351;Niederösterreich
30541;Winklarn;3300;Niederösterreich
30542;Wolfsbach;3354;Niederösterreich
30543;Ybbsitz;3341;Niederösterreich
30544;Zeillern;3311;Niederösterreich
30601;Alland;2534;Niederösterreich
30602;Altenmarkt an der Triesting;2571;Niederösterreich
30603;Bad Vöslau;2540;Niederösterreich
30604;Baden;2500;Niederösterreich
30605;Berndorf;2560;Niederösterreich
30607;Ebreichsdorf;2483;Niederösterreich
30608;Enzesfeld-Lindabrunn;2551;Niederösterreich
30609;Furth an der Triesting;2564;Niederösterreich
30612;Günselsdorf;2525;Niederösterreich
30613;Heiligenkreuz;2532;Niederösterreich
30614;Hernstein;2561;Niederösterreich
30615;Hirtenberg;2552;Niederösterreich
30616;Klausen-Leopoldsdorf;2533;Niederösterreich
30618;Kottingbrunn;2542;Niederösterreich
30620;Leobersdorf;2544;Niederösterreich
30621;Mitterndorf an der Fischa;2441;Niederösterreich
30623;Oberwaltersdorf;2522;Niederösterreich
30625;Pfaffstätten;2511;Niederösterreich
30626;Pottendorf;2486;Niederösterreich
30627;Pottenstein;2563;Niederösterreich
30629;Reisenberg;2440;Niederösterreich
30631;Schönau an der Triesting;2525;Niederösterreich
30633;Seibersdorf;2443;Niederösterreich
30635;Sooß;2504;Niederösterreich
30636;Tattendorf;2523;Niederösterreich
30637;Teesdorf;2524;Niederösterreich
30639;Traiskirchen;2514;Niederösterreich
30641;Trumau;2521;Niederösterreich
30645;Weissenbach an der Triesting;2564;Niederösterreich
30646;Blumau-Neurißhof;2602;Niederösterreich
30701;Au am Leithaberge;2451;Niederösterreich
30702;Bad Deutsch-Altenburg;2405;Niederösterreich
30703;Berg;2413;Niederösterreich
30704;Bruck an der Leitha;2460;Niederösterreich
30706;Enzersdorf an der Fischa;2431;Niederösterreich
30708;Göttlesbrunn-Arbesthal;2464;Niederösterreich
30709;Götzendorf an der Leitha;2434;Niederösterreich
30710;Hainburg a.d. Donau;2410;Niederösterreich
30711;Haslau-Maria Ellend;2402;Niederösterreich
30712;Höflein;2465;Niederösterreich
30713;Hof am Leithaberge;2451;Niederösterreich
30715;Hundsheim;2405;Niederösterreich
30716;Mannersdorf am Leithagebirge;2452;Niederösterreich
30718;Petronell-Carnuntum;2404;Niederösterreich
30719;Prellenkirchen;2472;Niederösterreich
30721;Rohrau;2471;Niederösterreich
30722;Scharndorf;2403;Niederösterreich
30724;Sommerein;2453;Niederösterreich
30726;Trautmannsdorf an der Leitha;2454;Niederösterreich
30728;Wolfsthal;2412;Niederösterreich
30729;Ebergassing;2435;Niederösterreich
30730;Fischamend;2401;Niederösterreich
30731;Gramatneusiedl;2440;Niederösterreich
30732;Himberg;2325;Niederösterreich
30733;Klein-Neusiedl;2431;Niederösterreich
30734;Lanzendorf;2326;Niederösterreich
30735;Leopoldsdorf;2333;Niederösterreich
30736;Maria-Lanzendorf;2326;Niederösterreich
30737;Moosbrunn;2440;Niederösterreich
30738;Rauchenwarth;2320;Niederösterreich
30739;Schwadorf;2432;Niederösterreich
30740;Schwechat;2320;Niederösterreich
30741;Zwölfaxing;2322;Niederösterreich
30801;Aderklaa;2232;Niederösterreich
30802;Andlersdorf;2301;Niederösterreich
30803;Angern an der March;2261;Niederösterreich
30804;Auersthal;2214;Niederösterreich
30805;Bad Pirawarth;2222;Niederösterreich
30808;Deutsch-Wagram;2232;Niederösterreich
30810;Drösing;2265;Niederösterreich
30811;Dürnkrut;2263;Niederösterreich
30812;Ebenthal;2251;Niederösterreich
30813;Eckartsau;2305;Niederösterreich
30814;Engelhartstetten;2292;Niederösterreich
30817;Gänserndorf;2230;Niederösterreich
30819;Glinzendorf;2280;Niederösterreich
30821;Groß-Enzersdorf;2301;Niederösterreich
30822;Großhofen;2282;Niederösterreich
30824;Groß-Schweinbarth;2221;Niederösterreich
30825;Haringsee;2286;Niederösterreich
30826;Hauskirchen;2184;Niederösterreich
30827;Hohenau an der March;2273;Niederösterreich
30828;Hohenruppersdorf;2223;Niederösterreich
30829;Jedenspeigen;2264;Niederösterreich
30830;Lassee;2291;Niederösterreich
30831;Leopoldsdorf im Marchfeld;2285;Niederösterreich
30834;Mannsdorf an der Donau;2304;Niederösterreich
30835;Marchegg;2293;Niederösterreich
30836;Markgrafneusiedl;2282;Niederösterreich
30838;Matzen-Raggendorf;2243;Niederösterreich
30841;Neusiedl an der Zaya;2183;Niederösterreich
30842;Obersiebenbrunn;2283;Niederösterreich
30844;Orth an der Donau;2304;Niederösterreich
30845;Palterndorf-Dobermannsdorf;2181;Niederösterreich
30846;Parbasdorf;2232;Niederösterreich
30848;Prottes;2242;Niederösterreich
30849;Raasdorf;2281;Niederösterreich
30850;Ringelsdorf-Niederabsdorf;2272;Niederösterreich
30852;Schönkirchen-Reyersdorf;2241;Niederösterreich
30854;Spannberg;2244;Niederösterreich
30856;Strasshof an der Nordbahn;2231;Niederösterreich
30857;Sulz im Weinviertel;2224;Niederösterreich
30858;Untersiebenbrunn;2284;Niederösterreich
30859;Velm-Götzendorf;2245;Niederösterreich
30860;Weikendorf;2253;Niederösterreich
30863;Zistersdorf;2225;Niederösterreich
30865;Weiden an der March;2295;Niederösterreich
30902;Amaliendorf-Aalfang;3872;Niederösterreich
30903;Brand-Nagelberg;3871;Niederösterreich
30904;Eggern;3861;Niederösterreich
30906;Eisgarn;3862;Niederösterreich
30908;Gmünd;3950;Niederösterreich
30909;Großdietmanns;3950;Niederösterreich
30910;Bad Großpertholz;3972;Niederösterreich
30912;Großschönau;3922;Niederösterreich
30913;Moorbad Harbach;3970;Niederösterreich
30915;Haugschlag;3874;Niederösterreich
30916;Heidenreichstein;3860;Niederösterreich
30917;Hirschbach;3942;Niederösterreich
30920;Hoheneich;3945;Niederösterreich
30921;Kirchberg am Walde;3932;Niederösterreich
30925;Litschau;3874;Niederösterreich
30929;Reingers;3863;Niederösterreich
30932;St. Martin;3971;Niederösterreich
30935;Schrems;3943;Niederösterreich
30939;Unserfrau-Altweitra;3970;Niederösterreich
30940;Waldenstein;3961;Niederösterreich
30942;Weitra;3970;Niederösterreich
31001;Alberndorf im Pulkautal;2054;Niederösterreich
31008;Göllersdorf;2013;Niederösterreich
31009;Grabern;2020;Niederösterreich
31014;Guntersdorf;2042;Niederösterreich
31015;Hadres;2061;Niederösterreich
31016;Hardegg;2083;Niederösterreich
31018;Haugsdorf;2054;Niederösterreich
31019;Heldenberg;3704;Niederösterreich
31021;Hohenwarth-Mühlbach a.M.;3472;Niederösterreich
31022;Hollabrunn;2020;Niederösterreich
31025;Mailberg;2024;Niederösterreich
31026;Maissau;3712;Niederösterreich
31028;Nappersdorf-Kammersdorf;2033;Niederösterreich
31033;Pernersdorf;2052;Niederösterreich
31035;Pulkau;3741;Niederösterreich
31036;Ravelsbach;3720;Niederösterreich
31037;Retz;2070;Niederösterreich
31038;Retzbach;2074;Niederösterreich
31041;Schrattenthal;2073;Niederösterreich
31042;Seefeld-Kadolz;2062;Niederösterreich
31043;Sitzendorf an der Schmida;3714;Niederösterreich
31051;Wullersdorf;2041;Niederösterreich
31052;Zellerndorf;2051;Niederösterreich
31053;Ziersdorf;3710;Niederösterreich
31101;Altenburg;3591;Niederösterreich
31102;Brunn an der Wild;3595;Niederösterreich
31103;Burgschleinitz-Kühnring;3730;Niederösterreich
31104;Drosendorf-Zissersdorf;2095;Niederösterreich
31105;Eggenburg;3730;Niederösterreich
31106;Gars am Kamp;3571;Niederösterreich
31107;Geras;2093;Niederösterreich
31109;Horn;3580;Niederösterreich
31110;Irnfritz-Messern;3754;Niederösterreich
31111;Japons;3763;Niederösterreich
31113;Langau;2091;Niederösterreich
31114;Meiseldorf;3744;Niederösterreich
31117;Pernegg;3753;Niederösterreich
31119;Röhrenbach;3592;Niederösterreich
31120;Röschitz;3743;Niederösterreich
31121;Rosenburg-Mold;3573;Niederösterreich
31123;St. Bernhard-Frauenhofen;3580;Niederösterreich
31124;Sigmundsherberg;3751;Niederösterreich
31129;Weitersfeld;2084;Niederösterreich
31130;Straning-Grafenberg;3722;Niederösterreich
31201;Bisamberg;2102;Niederösterreich
31202;Enzersfeld im Weinviertel;2202;Niederösterreich
31203;Ernstbrunn;2115;Niederösterreich
31204;Großmugl;2002;Niederösterreich
31205;Großrußbach;2114;Niederösterreich
31206;Hagenbrunn;2102;Niederösterreich
31207;Harmannsdorf;2111;Niederösterreich
31208;Hausleiten;3464;Niederösterreich
31213;Korneuburg;2100;Niederösterreich
31214;Langenzersdorf;2103;Niederösterreich
31215;Leitzersdorf;2003;Niederösterreich
31216;Leobendorf;2100;Niederösterreich
31224;Rußbach;3702;Niederösterreich
31226;Sierndorf;2011;Niederösterreich
31227;Spillern;2104;Niederösterreich
31228;Stetteldorf am Wagram;3463;Niederösterreich
31229;Stetten;2100;Niederösterreich
31230;Stockerau;2000;Niederösterreich
31234;Niederhollabrunn;2004;Niederösterreich
31235;Gerasdorf bei Wien;2201;Niederösterreich
31301;Aggsbach;3641;Niederösterreich
31302;Albrechtsberg an der Großen Krems;3613;Niederösterreich
31303;Bergern im Dunkelsteinerwald;3512;Niederösterreich
31304;Dürnstein;3601;Niederösterreich
31308;Grafenegg;3492;Niederösterreich
31309;Furth bei Göttweig;3511;Niederösterreich
31310;Gedersdorf;3494;Niederösterreich
31311;Gföhl;3542;Niederösterreich
31315;Hadersdorf-Kammern;3493;Niederösterreich
31319;Jaidhof;3542;Niederösterreich
31321;Krumau am Kamp;3543;Niederösterreich
31322;Langenlois;3550;Niederösterreich
31323;Lengenfeld;3552;Niederösterreich
31324;Lichtenau im Waldviertel;3522;Niederösterreich
31326;Maria Laach am Jauerling;3643;Niederösterreich
31327;Mautern an der Donau;3512;Niederösterreich
31330;Mühldorf;3622;Niederösterreich
31333;Paudorf;3508;Niederösterreich
31336;Rastenfeld;3532;Niederösterreich
31337;Rohrendorf bei Krems;3495;Niederösterreich
31338;Rossatz-Arnsdorf;3602;Niederösterreich
31340;St. Leonhard am Hornerwald;3572;Niederösterreich
31343;Senftenberg;3541;Niederösterreich
31344;Spitz;3620;Niederösterreich
31346;Straß im Straßertale;3491;Niederösterreich
31347;Stratzing;3552;Niederösterreich
31350;Weinzierl am Walde;3521;Niederösterreich
31351;Weißenkirchen in der Wachau;3610;Niederösterreich
31355;Schönberg am Kamp;3562;Niederösterreich
31356;Droß;3552;Niederösterreich
31401;Annaberg;3222;Niederösterreich
31402;Eschenau;3153;Niederösterreich
31403;Hainfeld;3170;Niederösterreich
31404;Hohenberg;3192;Niederösterreich
31405;Kaumberg;2572;Niederösterreich
31406;Kleinzell;3171;Niederösterreich
31407;Lilienfeld;3180;Niederösterreich
31408;Mitterbach am Erlaufsee;3224;Niederösterreich
31409;Ramsau;3172;Niederösterreich
31410;Rohrbach an der Gölsen;3163;Niederösterreich
31411;St. Aegyd am Neuwalde;3193;Niederösterreich
31412;St. Veit an der Gölsen;3161;Niederösterreich
31413;Traisen;3160;Niederösterreich
31414;Türnitz;3184;Niederösterreich
31502;Artstetten-Pöbring;3661;Niederösterreich
31503;Bergland;3254;Niederösterreich
31504;Bischofstetten;3232;Niederösterreich
31505;Blindenmarkt;3372;Niederösterreich
31506;Dorfstetten;4392;Niederösterreich
31507;Dunkelsteinerwald;3392;Niederösterreich
31508;Erlauf;3253;Niederösterreich
31509;Golling an der Erlauf;3381;Niederösterreich
31511;Hofamt Priel;3681;Niederösterreich
31513;Hürm;3383;Niederösterreich
31514;Kilb;3233;Niederösterreich
31515;Kirnberg an der Mank;3241;Niederösterreich
31516;Klein-Pöchlarn;3660;Niederösterreich
31517;Krummnußbaum;3375;Niederösterreich
31519;Leiben;3652;Niederösterreich
31520;Loosdorf;3382;Niederösterreich
31521;Mank;3240;Niederösterreich
31522;Marbach an der Donau;3671;Niederösterreich
31523;Maria Taferl;3672;Niederösterreich
31524;Melk;3390;Niederösterreich
31525;Münichreith-Laimbach;3662;Niederösterreich
31527;Neumarkt an der Ybbs;3371;Niederösterreich
31528;Nöchling;3691;Niederösterreich
31530;Persenbeug-Gottsdorf;3680;Niederösterreich
31531;Petzenkirchen;3252;Niederösterreich
31533;Pöchlarn;3380;Niederösterreich
31534;Pöggstall;3650;Niederösterreich
31535;Raxendorf;3654;Niederösterreich
31537;Ruprechtshofen;3244;Niederösterreich
31539;St. Leonhard am Forst;3243;Niederösterreich
31540;St. Martin-Karlsbach;3376;Niederösterreich
31541;St. Oswald;3684;Niederösterreich
31542;Schönbühel-Aggsbach;3394;Niederösterreich
31543;Schollach;3382;Niederösterreich
31546;Weiten;3653;Niederösterreich
31549;Ybbs an der Donau;3370;Niederösterreich
31550;Zelking-Matzleinsdorf;3393;Niederösterreich
31551;Texingtal;3242;Niederösterreich
31552;Yspertal;3683;Niederösterreich
31553;Emmersdorf an der Donau;3644;Niederösterreich
31601;Altlichtenwarth;2144;Niederösterreich
31603;Asparn an der Zaya;2151;Niederösterreich
31604;Bernhardsthal;2275;Niederösterreich
31605;Bockfließ;2213;Niederösterreich
31606;Drasenhofen;2165;Niederösterreich
31608;Falkenstein;2162;Niederösterreich
31609;Fallbach;2133;Niederösterreich
31611;Gaubitsch;2154;Niederösterreich
31612;Gaweinstal;2191;Niederösterreich
31613;Gnadendorf;2152;Niederösterreich
31614;Großebersdorf;2203;Niederösterreich
31615;Großengersdorf;2212;Niederösterreich
31616;Großharras;2034;Niederösterreich
31617;Großkrut;2143;Niederösterreich
31620;Hausbrunn;2145;Niederösterreich
31621;Herrnbaumgarten;2171;Niederösterreich
31622;Hochleithen;2123;Niederösterreich
31627;Kreuttal;2123;Niederösterreich
31628;Kreuzstetten;2124;Niederösterreich
31629;Laa an der Thaya;2136;Niederösterreich
31630;Ladendorf;2126;Niederösterreich
31633;Mistelbach;2130;Niederösterreich
31634;Neudorf im Weinviertel;2135;Niederösterreich
31636;Niederleis;2116;Niederösterreich
31642;Pillichsdorf;2211;Niederösterreich
31644;Poysdorf;2170;Niederösterreich
31645;Rabensburg;2274;Niederösterreich
31646;Schrattenberg;2172;Niederösterreich
31649;Staatz;2134;Niederösterreich
31650;Stronsdorf;2153;Niederösterreich
31651;Ulrichskirchen-Schleinbach;2122;Niederösterreich
31652;Unterstinkenbrunn;2154;Niederösterreich
31653;Wildendürnbach;2164;Niederösterreich
31654;Wilfersdorf;2193;Niederösterreich
31655;Wolkersdorf im Weinviertel;2120;Niederösterreich
31658;Ottenthal;2163;Niederösterreich
31701;Achau;2481;Niederösterreich
31702;Biedermannsdorf;2362;Niederösterreich
31703;Breitenfurt bei Wien;2384;Niederösterreich
31704;Brunn am Gebirge;2345;Niederösterreich
31706;Gaaden;2531;Niederösterreich
31707;Gießhübl;2372;Niederösterreich
31709;Gumpoldskirchen;2352;Niederösterreich
31710;Guntramsdorf;2353;Niederösterreich
31711;Hennersdorf;2332;Niederösterreich
31712;Hinterbrühl;2371;Niederösterreich
31713;Kaltenleutgeben;2391;Niederösterreich
31714;Laab im Walde;2381;Niederösterreich
31715;Laxenburg;2361;Niederösterreich
31716;Maria Enzersdorf;2344;Niederösterreich
31717;Mödling;2340;Niederösterreich
31718;Münchendorf;2482;Niederösterreich
31719;Perchtoldsdorf;2380;Niederösterreich
31723;Vösendorf;2331;Niederösterreich
31725;Wiener Neudorf;2351;Niederösterreich
31726;Wienerwald;2392;Niederösterreich
31801;Altendorf;2632;Niederösterreich
31802;Aspang-Markt;2870;Niederösterreich
31803;Aspangberg-St. Peter;2870;Niederösterreich
31804;Breitenau;2624;Niederösterreich
31805;Breitenstein;2673;Niederösterreich
31806;Buchbach;2630;Niederösterreich
31807;Edlitz;2842;Niederösterreich
31808;Enzenreith;2640;Niederösterreich
31809;Feistritz am Wechsel;2873;Niederösterreich
31810;Gloggnitz;2640;Niederösterreich
31811;Grafenbach-St. Valentin;2632;Niederösterreich
31812;Grimmenstein;2840;Niederösterreich
31813;Grünbach am Schneeberg;2733;Niederösterreich
31814;Kirchberg am Wechsel;2880;Niederösterreich
31815;Mönichkirchen;2872;Niederösterreich
31817;Natschbach-Loipersbach;2620;Niederösterreich
31818;Neunkirchen;2620;Niederösterreich
31820;Otterthal;2880;Niederösterreich
31821;Payerbach;2650;Niederösterreich
31823;Pitten;2823;Niederösterreich
31825;Prigglitz;2640;Niederösterreich
31826;Puchberg am Schneeberg;2734;Niederösterreich
31827;Raach am Hochgebirge;2640;Niederösterreich
31829;Reichenau an der Rax;2651;Niederösterreich
31830;St. Corona am Wechsel;2880;Niederösterreich
31831;St. Egyden am Steinfeld;2731;Niederösterreich
31832;Scheiblingkirchen-Thernberg;2831;Niederösterreich
31833;Schottwien;2641;Niederösterreich
31834;Schrattenbach;2733;Niederösterreich
31835;Schwarzau am Steinfeld;2625;Niederösterreich
31836;Schwarzau im Gebirge;2662;Niederösterreich
31837;Seebenstein;2824;Niederösterreich
31838;Semmering;2680;Niederösterreich
31839;Ternitz;2630;Niederösterreich
31840;Thomasberg;2842;Niederösterreich
31841;Trattenbach;2881;Niederösterreich
31842;Bürg-Vöstenhof;2630;Niederösterreich
31843;Warth;2831;Niederösterreich
31844;Wartmannstetten;2620;Niederösterreich
31845;Willendorf;2732;Niederösterreich
31846;Wimpassing im Schwarzatale;2632;Niederösterreich
31847;Würflach;2732;Niederösterreich
31848;Zöbern;2871;Niederösterreich
31849;Höflein an der Hohen Wand;2732;Niederösterreich
31901;Altlengbach;3033;Niederösterreich
31902;Asperhofen;3041;Niederösterreich
31903;Böheimkirchen;3071;Niederösterreich
31904;Brand-Laaben;3053;Niederösterreich
31905;Eichgraben;3032;Niederösterreich
31906;Frankenfels;3213;Niederösterreich
31907;Gerersdorf;3385;Niederösterreich
31909;Hofstetten-Grünau;3202;Niederösterreich
31910;Hafnerbach;3386;Niederösterreich
31911;Haunoldstein;3384;Niederösterreich
31912;Herzogenburg;3130;Niederösterreich
31913;Inzersdorf-Getzersdorf;3131;Niederösterreich
31915;Kapelln;3141;Niederösterreich
31916;Karlstetten;3121;Niederösterreich
31917;Kasten bei Böheimkirchen;3072;Niederösterreich
31918;Kirchberg an der Pielach;3204;Niederösterreich
31919;Kirchstetten;3062;Niederösterreich
31920;Loich;3211;Niederösterreich
31921;Maria Anzbach;3034;Niederösterreich
31922;Markersdorf-Haindorf;3388;Niederösterreich
31923;Michelbach;3074;Niederösterreich
31925;Neidling;3110;Niederösterreich
31926;Neulengbach;3040;Niederösterreich
31927;Neustift-Innermanzing;3052;Niederösterreich
31928;Nußdorf ob der Traisen;3134;Niederösterreich
31929;Ober-Grafendorf;3200;Niederösterreich
31930;Obritzberg-Rust;3123;Niederösterreich
31932;Prinzersdorf;3385;Niederösterreich
31934;Pyhra;3143;Niederösterreich
31935;Rabenstein an der Pielach;3203;Niederösterreich
31938;St. Margarethen an der Sierning;3231;Niederösterreich
31939;Schwarzenbach an der Pielach;3212;Niederösterreich
31940;Statzendorf;3125;Niederösterreich
31941;Stössing;3073;Niederösterreich
31943;Traismauer;3133;Niederösterreich
31945;Weinburg;3205;Niederösterreich
31946;Perschling;3142;Niederösterreich
31947;Wilhelmsburg;3150;Niederösterreich
31948;Wölbling;3124;Niederösterreich
31949;Gablitz;3003;Niederösterreich
31950;Mauerbach;3001;Niederösterreich
31951;Pressbaum;3021;Niederösterreich
31952;Purkersdorf;3002;Niederösterreich
31953;Tullnerbach;3013;Niederösterreich
31954;Wolfsgraben;3012;Niederösterreich
32001;Gaming;3292;Niederösterreich
32002;Göstling an der Ybbs;3345;Niederösterreich
32003;Gresten;3264;Niederösterreich
32004;Gresten-Land;3264;Niederösterreich
32005;Lunz am See;3293;Niederösterreich
32006;Oberndorf an der Melk;3281;Niederösterreich
32007;Puchenstuben;3214;Niederösterreich
32008;Purgstall an der Erlauf;3251;Niederösterreich
32009;Randegg;3263;Niederösterreich
32010;Reinsberg;3264;Niederösterreich
32011;St. Anton an der Jeßnitz;3283;Niederösterreich
32012;St. Georgen an der Leys;3282;Niederösterreich
32013;Scheibbs;3270;Niederösterreich
32014;Steinakirchen am Forst;3261;Niederösterreich
32015;Wang;3262;Niederösterreich
32016;Wieselburg;3250;Niederösterreich
32017;Wieselburg-Land;3250;Niederösterreich
32018;Wolfpassing;3261;Niederösterreich
32101;Absdorf;3462;Niederösterreich
32104;Atzenbrugg;3452;Niederösterreich
32106;Fels am Wagram;3481;Niederösterreich
32107;Grafenwörth;3484;Niederösterreich
32109;Großriedenthal;3471;Niederösterreich
32110;Großweikersdorf;3701;Niederösterreich
32112;Judenau-Baumgarten;3441;Niederösterreich
32114;Kirchberg am Wagram;3470;Niederösterreich
32115;Königsbrunn am Wagram;3465;Niederösterreich
32116;Königstetten;3433;Niederösterreich
32119;Langenrohr;3442;Niederösterreich
32120;Michelhausen;3451;Niederösterreich
32131;Sieghartskirchen;3443;Niederösterreich
32132;Sitzenberg-Reidling;3454;Niederösterreich
32134;Tulbing;3434;Niederösterreich
32135;Tulln an der Donau;3430;Niederösterreich
32139;Würmla;3042;Niederösterreich
32140;Zeiselmauer-Wolfpassing;3424;Niederösterreich
32141;Zwentendorf an der Donau;3435;Niederösterreich
32142;St. Andrä-Wördern;3423;Niederösterreich
32143;Muckendorf-Wipfing;3426;Niederösterreich
32144;Klosterneuburg;3400;Niederösterreich
32202;Dietmanns;3813;Niederösterreich
32203;Dobersberg;3843;Niederösterreich
32206;Gastern;3852;Niederösterreich
32207;Groß-Siegharts;3812;Niederösterreich
32209;Karlstein an der Thaya;3822;Niederösterreich
32210;Kautzen;3851;Niederösterreich
32212;Ludweis-Aigen;3762;Niederösterreich
32214;Pfaffenschlag bei Waidhofen a.d.Thaya;3834;Niederösterreich
32216;Raabs an der Thaya;3820;Niederösterreich
32217;Thaya;3842;Niederösterreich
32219;Vitis;3902;Niederösterreich
32220;Waidhofen an der Thaya;3830;Niederösterreich
32221;Waidhofen an der Thaya-Land;3830;Niederösterreich
32222;Waldkirchen an der Thaya;3844;Niederösterreich
32223;Windigsteig;3841;Niederösterreich
32301;Bad Fischau-Brunn;2721;Niederösterreich
32302;Bad Schönau;2853;Niederösterreich
32304;Ebenfurth;2490;Niederösterreich
32305;Eggendorf;2492;Niederösterreich
32306;Bad Erlach;2822;Niederösterreich
32307;Felixdorf;2603;Niederösterreich
32308;Gutenstein;2770;Niederösterreich
32309;Hochneukirchen-Gschaidt;2852;Niederösterreich
32310;Hochwolkersdorf;2802;Niederösterreich
32311;Hohe Wand;2724;Niederösterreich
32312;Hollenthon;2812;Niederösterreich
32313;Katzelsdorf;2801;Niederösterreich
32314;Kirchschlag in der Buckligen Welt;2860;Niederösterreich
32315;Krumbach;2851;Niederösterreich
32316;Lanzenkirchen;2821;Niederösterreich
32317;Lichtenegg;2813;Niederösterreich
32318;Lichtenwörth;2493;Niederösterreich
32319;Markt Piesting;2753;Niederösterreich
32320;Matzendorf-Hölles;2751;Niederösterreich
32321;Miesenbach;2761;Niederösterreich
32322;Muggendorf;2763;Niederösterreich
32323;Pernitz;2763;Niederösterreich
32324;Rohr im Gebirge;2663;Niederösterreich
32325;Bromberg;2833;Niederösterreich
32326;Schwarzenbach;2803;Niederösterreich
32327;Sollenau;2601;Niederösterreich
32330;Theresienfeld;2604;Niederösterreich
32331;Waidmannsfeld;2763;Niederösterreich
32332;Waldegg;2754;Niederösterreich
32333;Walpersbach;2820;Niederösterreich
32334;Weikersdorf am Steinfelde;2722;Niederösterreich
32335;Wiesmath;2811;Niederösterreich
32336;Winzendorf-Muthmannsdorf;2722;Niederösterreich
32337;Wöllersdorf-Steinabrückl;2752;Niederösterreich
32338;Zillingdorf;2492;Niederösterreich
32501;Allentsteig;3804;Niederösterreich
32502;Arbesbach;3925;Niederösterreich
32503;Bärnkopf;3665;Niederösterreich
32504;Echsenbach;3903;Niederösterreich
32505;Göpfritz an der Wild;3800;Niederösterreich
32506;Grafenschlag;3912;Niederösterreich
32508;Groß Gerungs;3920;Niederösterreich
32509;Großgöttfritz;3913;Niederösterreich
32511;Gutenbrunn;3665;Niederösterreich
32514;Kirchschlag;3631;Niederösterreich
32515;Kottes-Purk;3623;Niederösterreich
32516;Langschlag;3921;Niederösterreich
32517;Martinsberg;3664;Niederösterreich
32518;Ottenschlag;3631;Niederösterreich
32519;Altmelon;3925;Niederösterreich
32520;Pölla;3593;Niederösterreich
32521;Rappottenstein;3911;Niederösterreich
32522;Sallingberg;3525;Niederösterreich
32523;Schönbach;3633;Niederösterreich
32524;Schwarzenau;3900;Niederösterreich
32525;Schweiggers;3931;Niederösterreich
32528;Bad Traunstein;3632;Niederösterreich
32529;Waldhausen;3914;Niederösterreich
32530;Zwettl-Niederösterreich;3910;Niederösterreich
40101;Linz;4020;Oberösterreich
40201;Steyr;4400;Oberösterreich
40301;Wels;4600;Oberösterreich
40401;Altheim;4950;Oberösterreich
40402;Aspach;5252;Oberösterreich
40403;Auerbach;5224;Oberösterreich
40404;Braunau am Inn;5280;Oberösterreich
40405;Burgkirchen;5274;Oberösterreich
40406;Eggelsberg;5142;Oberösterreich
40407;Feldkirchen bei Mattighofen;5143;Oberösterreich
40408;Franking;5131;Oberösterreich
40409;Geretsberg;5132;Oberösterreich
40410;Gilgenberg am Weilhart;5133;Oberösterreich
40411;Haigermoos;5124;Oberösterreich
40412;Handenberg;5144;Oberösterreich
40413;Helpfau-Uttendorf;5261;Oberösterreich
40414;Hochburg-Ach;5122;Oberösterreich
40415;Höhnhart;5251;Oberösterreich
40416;Jeging;5225;Oberösterreich
40417;Kirchberg bei Mattighofen;5232;Oberösterreich
40418;Lengau;5211;Oberösterreich
40419;Lochen am See;5221;Oberösterreich
40420;Maria Schmolln;5241;Oberösterreich
40421;Mattighofen;5230;Oberösterreich
40422;Mauerkirchen;5270;Oberösterreich
40423;Mining;4962;Oberösterreich
40424;Moosbach;5271;Oberösterreich
40425;Moosdorf;5141;Oberösterreich
40426;Munderfing;5222;Oberösterreich
40427;Neukirchen an der Enknach;5145;Oberösterreich
40428;Ostermiething;5121;Oberösterreich
40429;Palting;5163;Oberösterreich
40430;Perwang am Grabensee;5166;Oberösterreich
40431;Pfaffstätt;5223;Oberösterreich
40432;Pischelsdorf am Engelbach;5233;Oberösterreich
40433;Polling im Innkreis;4951;Oberösterreich
40434;Roßbach;5273;Oberösterreich
40435;St. Georgen am Fillmannsbach;5144;Oberösterreich
40436;St. Johann am Walde;5242;Oberösterreich
40437;St. Pantaleon;5120;Oberösterreich
40438;St. Peter am Hart;4963;Oberösterreich
40439;St. Radegund;5121;Oberösterreich
40440;St. Veit im Innkreis;5273;Oberösterreich
40441;Schalchen;5231;Oberösterreich
40442;Schwand im Innkreis;5134;Oberösterreich
40443;Tarsdorf;5121;Oberösterreich
40444;Treubach;5272;Oberösterreich
40445;Überackern;5123;Oberösterreich
40446;Weng im Innkreis;4952;Oberösterreich
40501;Alkoven;4072;Oberösterreich
40502;Aschach an der Donau;4082;Oberösterreich
40503;Eferding;4070;Oberösterreich
40504;Fraham;4070;Oberösterreich
40505;Haibach ob der Donau;4083;Oberösterreich
40506;Hartkirchen;4081;Oberösterreich
40507;Hinzenbach;4070;Oberösterreich
40508;Prambachkirchen;4731;Oberösterreich
40509;Pupping;4070;Oberösterreich
40510;St. Marienkirchen an der Polsenz;4076;Oberösterreich
40511;Scharten;4612;Oberösterreich
40512;Stroheim;4074;Oberösterreich
40601;Freistadt;4240;Oberösterreich
40602;Grünbach;4264;Oberösterreich
40603;Gutau;4293;Oberösterreich
40604;Hagenberg im Mühlkreis;4232;Oberösterreich
40605;Hirschbach im Mühlkreis;4242;Oberösterreich
40606;Kaltenberg;4273;Oberösterreich
40607;Kefermarkt;4292;Oberösterreich
40608;Königswiesen;4280;Oberösterreich
40609;Lasberg;4291;Oberösterreich
40610;Leopoldschlag;4262;Oberösterreich
40611;Liebenau;4252;Oberösterreich
40612;Neumarkt im Mühlkreis;4212;Oberösterreich
40613;Pierbach;4282;Oberösterreich
40614;Pregarten;4230;Oberösterreich
40615;Rainbach im Mühlkreis;4261;Oberösterreich
40616;Sandl;4251;Oberösterreich
40617;St. Leonhard bei Freistadt;4294;Oberösterreich
40618;St. Oswald bei Freistadt;4271;Oberösterreich
40619;Schönau im Mühlkreis;4274;Oberösterreich
40620;Tragwein;4284;Oberösterreich
40621;Unterweißenbach;4273;Oberösterreich
40622;Unterweitersdorf;4213;Oberösterreich
40623;Waldburg;4240;Oberösterreich
40624;Wartberg ob der Aist;4224;Oberösterreich
40625;Weitersfelden;4272;Oberösterreich
40626;Windhaag bei Freistadt;4263;Oberösterreich
40627;Bad Zell;4283;Oberösterreich
40701;Altmünster;4813;Oberösterreich
40702;Bad Goisern am Hallstättersee;4822;Oberösterreich
40703;Bad Ischl;4820;Oberösterreich
40704;Ebensee am Traunsee;4802;Oberösterreich
40705;Gmunden;4810;Oberösterreich
40706;Gosau;4824;Oberösterreich
40707;Grünau im Almtal;4645;Oberösterreich
40708;Gschwandt;4816;Oberösterreich
40709;Hallstatt;4830;Oberösterreich
40710;Kirchham;4656;Oberösterreich
40711;Laakirchen;4663;Oberösterreich
40712;Obertraun;4831;Oberösterreich
40713;Ohlsdorf;4694;Oberösterreich
40714;Pinsdorf;4812;Oberösterreich
40715;Roitham am Traunfall;4661;Oberösterreich
40716;St. Konrad;4817;Oberösterreich
40717;St. Wolfgang im Salzkammergut;5360;Oberösterreich
40718;Traunkirchen;4801;Oberösterreich
40719;Scharnstein;4644;Oberösterreich
40720;Vorchdorf;4655;Oberösterreich
40801;Aistersheim;4676;Oberösterreich
40802;Bad Schallerbach;4701;Oberösterreich
40804;Eschenau im Hausruckkreis;4724;Oberösterreich
40805;Gallspach;4713;Oberösterreich
40806;Gaspoltshofen;4673;Oberösterreich
40807;Geboltskirchen;4682;Oberösterreich
40808;Grieskirchen;4710;Oberösterreich
40809;Haag am Hausruck;4680;Oberösterreich
40810;Heiligenberg;4733;Oberösterreich
40811;Hofkirchen an der Trattnach;4716;Oberösterreich
40812;Kallham;4720;Oberösterreich
40813;Kematen am Innbach;4633;Oberösterreich
40814;Meggenhofen;4714;Oberösterreich
40815;Michaelnbach;4712;Oberösterreich
40816;Natternbach;4723;Oberösterreich
40817;Neukirchen am Walde;4724;Oberösterreich
40818;Neumarkt im Hausruckkreis;4720;Oberösterreich
40820;Pötting;4720;Oberösterreich
40821;Pollham;4710;Oberösterreich
40822;Pram;4742;Oberösterreich
40823;Rottenbach;4681;Oberösterreich
40824;St. Agatha;4084;Oberösterreich
40825;St. Georgen bei Grieskirchen;4710;Oberösterreich
40826;St. Thomas;4732;Oberösterreich
40827;Schlüßlberg;4707;Oberösterreich
40828;Steegen;4722;Oberösterreich
40829;Taufkirchen an der Trattnach;4715;Oberösterreich
40830;Tollet;4710;Oberösterreich
40831;Waizenkirchen;4730;Oberösterreich
40832;Wallern an der Trattnach;4702;Oberösterreich
40833;Weibern;4675;Oberösterreich
40834;Wendling;4741;Oberösterreich
40835;Peuerbach;4722;Oberösterreich
40901;Edlbach;4580;Oberösterreich
40902;Grünburg;4594;Oberösterreich
40903;Hinterstoder;4573;Oberösterreich
40904;Inzersdorf im Kremstal;4565;Oberösterreich
40905;Kirchdorf an der Krems;4560;Oberösterreich
40906;Klaus an der Pyhrnbahn;4564;Oberösterreich
40907;Kremsmünster;4550;Oberösterreich
40908;Micheldorf in Oberösterreich;4563;Oberösterreich
40909;Molln;4591;Oberösterreich
40910;Nußbach;4542;Oberösterreich
40911;Oberschlierbach;4554;Oberösterreich
40912;Pettenbach;4643;Oberösterreich
40913;Ried im Traunkreis;4551;Oberösterreich
40914;Rosenau am Hengstpaß;4581;Oberösterreich
40915;Roßleithen;4575;Oberösterreich
40916;St. Pankraz;4572;Oberösterreich
40917;Schlierbach;4553;Oberösterreich
40918;Spital am Pyhrn;4582;Oberösterreich
40919;Steinbach am Ziehberg;4562;Oberösterreich
40920;Steinbach an der Steyr;4596;Oberösterreich
40921;Vorderstoder;4574;Oberösterreich
40922;Wartberg an der Krems;4552;Oberösterreich
40923;Windischgarsten;4580;Oberösterreich
41001;Allhaming;4511;Oberösterreich
41002;Ansfelden;4053;Oberösterreich
41003;Asten;4481;Oberösterreich
41004;Eggendorf im Traunkreis;4622;Oberösterreich
41005;Enns;4470;Oberösterreich
41006;Hargelsberg;4483;Oberösterreich
41007;Hörsching;4063;Oberösterreich
41008;Hofkirchen im Traunkreis;4492;Oberösterreich
41009;Kematen an der Krems;4531;Oberösterreich
41010;Kirchberg-Thening;4062;Oberösterreich
41011;Kronstorf;4484;Oberösterreich
41012;Leonding;4060;Oberösterreich
41013;St. Florian;4490;Oberösterreich
41014;Neuhofen an der Krems;4501;Oberösterreich
41015;Niederneukirchen;4491;Oberösterreich
41016;Oftering;4064;Oberösterreich
41017;Pasching;4061;Oberösterreich
41018;Piberbach;4533;Oberösterreich
41019;Pucking;4055;Oberösterreich
41020;St. Marien;4502;Oberösterreich
41021;Traun;4050;Oberösterreich
41022;Wilhering;4073;Oberösterreich
41101;Allerheiligen im Mühlkreis;4320;Oberösterreich
41102;Arbing;4341;Oberösterreich
41103;Baumgartenberg;4342;Oberösterreich
41104;Dimbach;4371;Oberösterreich
41105;Grein;4360;Oberösterreich
41106;Katsdorf;4223;Oberösterreich
41107;Klam;4352;Oberösterreich
41108;Bad Kreuzen;4362;Oberösterreich
41109;Langenstein;4222;Oberösterreich
41110;Luftenberg an der Donau;4225;Oberösterreich
41111;Mauthausen;4310;Oberösterreich
41112;Mitterkirchen im Machland;4343;Oberösterreich
41113;Münzbach;4323;Oberösterreich
41114;Naarn im Machlande;4331;Oberösterreich
41115;Pabneukirchen;4363;Oberösterreich
41116;Perg;4320;Oberösterreich
41117;Rechberg;4324;Oberösterreich
41118;Ried in der Riedmark;4312;Oberösterreich
41119;St. Georgen am Walde;4372;Oberösterreich
41120;St. Georgen an der Gusen;4222;Oberösterreich
41121;St. Nikola an der Donau;4381;Oberösterreich
41122;St. Thomas am Blasenstein;4364;Oberösterreich
41123;Saxen;4351;Oberösterreich
41124;Schwertberg;4311;Oberösterreich
41125;Waldhausen im Strudengau;4391;Oberösterreich
41126;Windhaag bei Perg;4322;Oberösterreich
41201;Andrichsfurt;4754;Oberösterreich
41202;Antiesenhofen;4980;Oberösterreich
41203;Aurolzmünster;4971;Oberösterreich
41204;Eberschwang;4906;Oberösterreich
41205;Eitzing;4970;Oberösterreich
41206;Geiersberg;4922;Oberösterreich
41207;Geinberg;4943;Oberösterreich
41208;Gurten;4942;Oberösterreich
41209;Hohenzell;4921;Oberösterreich
41210;Kirchdorf am Inn;4982;Oberösterreich
41211;Kirchheim im Innkreis;4932;Oberösterreich
41212;Lambrechten;4772;Oberösterreich
41213;Lohnsburg am Kobernaußerwald;4923;Oberösterreich
41214;Mehrnbach;4941;Oberösterreich
41215;Mettmach;4931;Oberösterreich
41216;Mörschwang;4982;Oberösterreich
41217;Mühlheim am Inn;4961;Oberösterreich
41218;Neuhofen im Innkreis;4912;Oberösterreich
41219;Obernberg am Inn;4982;Oberösterreich
41220;Ort im Innkreis;4974;Oberösterreich
41221;Pattigham;4910;Oberösterreich
41222;Peterskirchen;4743;Oberösterreich
41223;Pramet;4925;Oberösterreich
41224;Reichersberg;4981;Oberösterreich
41225;Ried im Innkreis;4910;Oberösterreich
41226;St. Georgen bei Obernberg am Inn;4983;Oberösterreich
41227;St. Marienkirchen am Hausruck;4926;Oberösterreich
41228;St. Martin im Innkreis;4973;Oberösterreich
41229;Schildorn;4920;Oberösterreich
41230;Senftenbach;4973;Oberösterreich
41231;Taiskirchen im Innkreis;4753;Oberösterreich
41232;Tumeltsham;4911;Oberösterreich
41233;Utzenaich;4972;Oberösterreich
41234;Waldzell;4924;Oberösterreich
41235;Weilbach;4984;Oberösterreich
41236;Wippenham;4942;Oberösterreich
41304;Altenfelden;4121;Oberösterreich
41305;Arnreit;4122;Oberösterreich
41306;Atzesberg;4152;Oberösterreich
41307;Auberg;4171;Oberösterreich
41309;Haslach an der Mühl;4170;Oberösterreich
41311;Hörbich;4132;Oberösterreich
41312;Hofkirchen im Mühlkreis;4142;Oberösterreich
41313;Julbach;4162;Oberösterreich
41314;Kirchberg ob der Donau;4131;Oberösterreich
41315;Klaffer am Hochficht;4163;Oberösterreich
41316;Kleinzell im Mühlkreis;4115;Oberösterreich
41317;Kollerschlag;4154;Oberösterreich
41318;Lembach im Mühlkreis;4132;Oberösterreich
41319;Lichtenau im Mühlkreis;4170;Oberösterreich
41320;Nebelberg;4155;Oberösterreich
41321;Neufelden;4120;Oberösterreich
41322;Niederkappel;4133;Oberösterreich
41323;Niederwaldkirchen;4174;Oberösterreich
41324;Oberkappel;4144;Oberösterreich
41325;Oepping;4151;Oberösterreich
41326;Peilstein im Mühlviertel;4153;Oberösterreich
41327;Pfarrkirchen im Mühlkreis;4141;Oberösterreich
41328;Putzleinsdorf;4134;Oberösterreich
41329;Neustift im Mühlkreis;4143;Oberösterreich
41331;St. Johann am Wimberg;4172;Oberösterreich
41332;St. Martin im Mühlkreis;4113;Oberösterreich
41333;St. Oswald bei Haslach;4170;Oberösterreich
41334;St. Peter am Wimberg;4171;Oberösterreich
41336;St. Ulrich im Mühlkreis;4116;Oberösterreich
41337;St. Veit im Mühlkreis;4173;Oberösterreich
41338;Sarleinsbach;4152;Oberösterreich
41341;Schwarzenberg am Böhmerwald;4164;Oberösterreich
41342;Ulrichsberg;4161;Oberösterreich
41343;Aigen-Schlägl;4160;Oberösterreich
41344;Rohrbach-Berg;4150;Oberösterreich
41345;Helfenberg;4184;Oberösterreich
41346;St. Stefan-Afiesl;4170;Oberösterreich
41401;Altschwendt;4721;Oberösterreich
41402;Andorf;4770;Oberösterreich
41403;Brunnenthal;4786;Oberösterreich
41404;Diersbach;4776;Oberösterreich
41405;Dorf an der Pram;4751;Oberösterreich
41406;Eggerding;4773;Oberösterreich
41407;Engelhartszell;4090;Oberösterreich
41408;Enzenkirchen;4761;Oberösterreich
41409;Esternberg;4092;Oberösterreich
41410;Freinberg;4785;Oberösterreich
41411;Kopfing im Innkreis;4794;Oberösterreich
41412;Mayrhof;4777;Oberösterreich
41413;Münzkirchen;4792;Oberösterreich
41414;Raab;4760;Oberösterreich
41415;Rainbach im Innkreis;4791;Oberösterreich
41416;Riedau;4752;Oberösterreich
41417;St. Aegidi;4725;Oberösterreich
41418;St. Florian am Inn;4782;Oberösterreich
41419;St. Marienkirchen bei Schärding;4774;Oberösterreich
41420;St. Roman;4793;Oberösterreich
41421;St. Willibald;4762;Oberösterreich
41422;Schärding;4780;Oberösterreich
41423;Schardenberg;4784;Oberösterreich
41424;Sigharting;4771;Oberösterreich
41425;Suben;4975;Oberösterreich
41426;Taufkirchen an der Pram;4775;Oberösterreich
41427;Vichtenstein;4091;Oberösterreich
41428;Waldkirchen am Wesen;4085;Oberösterreich
41429;Wernstein am Inn;4783;Oberösterreich
41430;Zell an der Pram;4755;Oberösterreich
41501;Adlwang;4541;Oberösterreich
41502;Aschach an der Steyr;4421;Oberösterreich
41503;Bad Hall;4540;Oberösterreich
41504;Dietach;4407;Oberösterreich
41505;Gaflenz;3334;Oberösterreich
41506;Garsten;4451;Oberösterreich
41507;Großraming;4463;Oberösterreich
41508;Laussa;4461;Oberösterreich
41509;Losenstein;4460;Oberösterreich
41510;Maria Neustift;4443;Oberösterreich
41511;Pfarrkirchen bei Bad Hall;4540;Oberösterreich
41512;Reichraming;4462;Oberösterreich
41513;Rohr im Kremstal;4532;Oberösterreich
41514;St. Ulrich bei Steyr;4400;Oberösterreich
41515;Schiedlberg;4521;Oberösterreich
41516;Sierning;4522;Oberösterreich
41517;Ternberg;4452;Oberösterreich
41518;Waldneukirchen;4595;Oberösterreich
41521;Wolfern;4493;Oberösterreich
41522;Weyer;3335;Oberösterreich
41601;Alberndorf in der Riedmark;4211;Oberösterreich
41602;Altenberg bei Linz;4203;Oberösterreich
41603;Bad Leonfelden;4190;Oberösterreich
41604;Eidenberg;4201;Oberösterreich
41605;Engerwitzdorf;4209;Oberösterreich
41606;Feldkirchen an der Donau;4101;Oberösterreich
41607;Gallneukirchen;4210;Oberösterreich
41608;Goldwörth;4102;Oberösterreich
41609;Gramastetten;4201;Oberösterreich
41610;Haibach im Mühlkreis;4204;Oberösterreich
41611;Hellmonsödt;4202;Oberösterreich
41612;Herzogsdorf;4175;Oberösterreich
41613;Kirchschlag bei Linz;4202;Oberösterreich
41614;Lichtenberg;4040;Oberösterreich
41615;Oberneukirchen;4181;Oberösterreich
41616;Ottenschlag im Mühlkreis;4204;Oberösterreich
41617;Ottensheim;4100;Oberösterreich
41618;Puchenau;4048;Oberösterreich
41619;Reichenau im Mühlkreis;4204;Oberösterreich
41620;Reichenthal;4193;Oberösterreich
41621;St. Gotthard im Mühlkreis;4112;Oberösterreich
41622;Schenkenfelden;4192;Oberösterreich
41623;Sonnberg im Mühlkreis;4180;Oberösterreich
41624;Steyregg;4221;Oberösterreich
41626;Walding;4111;Oberösterreich
41627;Zwettl an der Rodl;4180;Oberösterreich
41628;Vorderweißenbach;4191;Oberösterreich
41701;Ampflwang im Hausruckwald;4843;Oberösterreich
41702;Attersee am Attersee;4864;Oberösterreich
41703;Attnang-Puchheim;4800;Oberösterreich
41704;Atzbach;4904;Oberösterreich
41705;Aurach am Hongar;4861;Oberösterreich
41706;Berg im Attergau;4880;Oberösterreich
41707;Desselbrunn;4693;Oberösterreich
41708;Fornach;4892;Oberösterreich
41709;Frankenburg am Hausruck;4873;Oberösterreich
41710;Frankenmarkt;4890;Oberösterreich
41711;Gampern;4851;Oberösterreich
41712;Innerschwand am Mondsee;5310;Oberösterreich
41713;Lenzing an der Ager;4860;Oberösterreich
41714;Manning;4903;Oberösterreich
41715;Mondsee;5310;Oberösterreich
41716;Neukirchen an der Vöckla;4872;Oberösterreich
41717;Niederthalheim;4692;Oberösterreich
41718;Nußdorf am Attersee;4865;Oberösterreich
41719;Oberhofen am Irrsee;4894;Oberösterreich
41720;Oberndorf bei Schwanenstadt;4690;Oberösterreich
41721;Oberwang;4882;Oberösterreich
41722;Ottnang am Hausruck;4901;Oberösterreich
41723;Pfaffing;4870;Oberösterreich
41724;Pilsbach;4840;Oberösterreich
41725;Pitzenberg;4690;Oberösterreich
41726;Pöndorf;4891;Oberösterreich
41727;Puchkirchen am Trattberg;4849;Oberösterreich
41728;Pühret;4690;Oberösterreich
41729;Redleiten;4873;Oberösterreich
41730;Redlham;4846;Oberösterreich
41731;Regau;4844;Oberösterreich
41732;Rüstorf;4690;Oberösterreich
41733;Rutzenham;4690;Oberösterreich
41734;St. Georgen im Attergau;4880;Oberösterreich
41735;St. Lorenz;5310;Oberösterreich
41736;Schlatt;4690;Oberösterreich
41737;Schörfling am Attersee;4861;Oberösterreich
41738;Schwanenstadt;4690;Oberösterreich
41739;Seewalchen am Attersee;4863;Oberösterreich
41740;Steinbach am Attersee;4853;Oberösterreich
41741;Straß im Attergau;4881;Oberösterreich
41742;Tiefgraben;5310;Oberösterreich
41743;Timelkam;4850;Oberösterreich
41744;Ungenach;4841;Oberösterreich
41745;Unterach am Attersee;4866;Oberösterreich
41746;Vöcklabruck;4840;Oberösterreich
41747;Vöcklamarkt;4870;Oberösterreich
41748;Weißenkirchen im Attergau;4890;Oberösterreich
41749;Weyregg am Attersee;4852;Oberösterreich
41750;Wolfsegg am Hausruck;4902;Oberösterreich
41751;Zell am Moos;4893;Oberösterreich
41752;Zell am Pettenfirst;4842;Oberösterreich
41801;Aichkirchen;4671;Oberösterreich
41802;Bachmanning;4672;Oberösterreich
41803;Bad Wimsbach-Neydharting;4654;Oberösterreich
41804;Buchkirchen;4611;Oberösterreich
41805;Eberstalzell;4653;Oberösterreich
41806;Edt bei Lambach;4650;Oberösterreich
41807;Fischlham;4652;Oberösterreich
41808;Gunskirchen;4623;Oberösterreich
41809;Holzhausen;4615;Oberösterreich
41810;Krenglbach;4631;Oberösterreich
41811;Lambach;4650;Oberösterreich
41812;Marchtrenk;4614;Oberösterreich
41813;Neukirchen bei Lambach;4671;Oberösterreich
41814;Offenhausen;4625;Oberösterreich
41815;Pennewang;4624;Oberösterreich
41816;Pichl bei Wels;4632;Oberösterreich
41817;Sattledt;4642;Oberösterreich
41818;Schleißheim;4600;Oberösterreich
41819;Sipbachzell;4621;Oberösterreich
41820;Stadl-Paura;4651;Oberösterreich
41821;Steinerkirchen an der Traun;4652;Oberösterreich
41822;Steinhaus;4641;Oberösterreich
41823;Thalheim bei Wels;4600;Oberösterreich
41824;Weißkirchen an der Traun;4616;Oberösterreich
50101;Salzburg;5020;Salzburg
50201;Abtenau;5441;Salzburg
50202;Adnet;5421;Salzburg
50203;Annaberg-Lungötz;5524;Salzburg
50204;Golling an der Salzach;5440;Salzburg
50205;Hallein;5400;Salzburg
50206;Krispl;5425;Salzburg
50207;Kuchl;5431;Salzburg
50208;Oberalm;5411;Salzburg
50209;Puch bei Hallein;5412;Salzburg
50210;Rußbach am Paß Gschütt;5442;Salzburg
50211;St. Koloman;5423;Salzburg
50212;Scheffau am Tennengebirge;5440;Salzburg
50213;Bad Vigaun;5424;Salzburg
50301;Anif;5081;Salzburg
50302;Anthering;5102;Salzburg
50303;Bergheim;5101;Salzburg
50304;Berndorf bei Salzburg;5165;Salzburg
50305;Bürmoos;5111;Salzburg
50306;Dorfbeuern;5152;Salzburg
50307;Ebenau;5323;Salzburg
50308;Elixhausen;5161;Salzburg
50309;Elsbethen;5061;Salzburg
50310;Eugendorf;5301;Salzburg
50311;Faistenau;5324;Salzburg
50312;Fuschl am See;5330;Salzburg
50313;Göming;5114;Salzburg
50314;Grödig;5082;Salzburg
50315;Großgmain;5084;Salzburg
50316;Hallwang;5300;Salzburg
50317;Henndorf am Wallersee;5302;Salzburg
50318;Hintersee;5324;Salzburg
50319;Hof bei Salzburg;5322;Salzburg
50320;Köstendorf;5203;Salzburg
50321;Koppl;5321;Salzburg
50322;Lamprechtshausen;5112;Salzburg
50323;Mattsee;5163;Salzburg
50324;Neumarkt am Wallersee;5202;Salzburg
50325;Nußdorf am Haunsberg;5151;Salzburg
50326;Oberndorf bei Salzburg;5110;Salzburg
50327;Obertrum am See;5162;Salzburg
50328;Plainfeld;5325;Salzburg
50329;St. Georgen bei Salzburg;5113;Salzburg
50330;St. Gilgen;5340;Salzburg
50331;Schleedorf;5205;Salzburg
50332;Seeham;5164;Salzburg
50335;Straßwalchen;5204;Salzburg
50336;Strobl;5350;Salzburg
50337;Thalgau;5303;Salzburg
50338;Wals-Siezenheim;5071;Salzburg
50339;Seekirchen am Wallersee;5201;Salzburg
50401;Altenmarkt im Pongau;5541;Salzburg
50402;Bad Hofgastein;5630;Salzburg
50403;Bad Gastein;5640;Salzburg
50404;Bischofshofen;5500;Salzburg
50405;Dorfgastein;5632;Salzburg
50406;Eben im Pongau;5531;Salzburg
50407;Filzmoos;5532;Salzburg
50408;Flachau;5542;Salzburg
50409;Forstau;5552;Salzburg
50410;Goldegg;5622;Salzburg
50411;Großarl;5611;Salzburg
50412;Hüttau;5511;Salzburg
50413;Hüttschlag;5612;Salzburg
50414;Kleinarl;5603;Salzburg
50415;Mühlbach am Hochkönig;5505;Salzburg
50416;Pfarrwerfen;5452;Salzburg
50417;Radstadt;5550;Salzburg
50418;St. Johann im Pongau;5600;Salzburg
50419;St. Martin am Tennengebirge;5522;Salzburg
50420;St. Veit im Pongau;5621;Salzburg
50421;Schwarzach im Pongau;5620;Salzburg
50422;Untertauern;5561;Salzburg
50423;Wagrain;5602;Salzburg
50424;Werfen;5450;Salzburg
50425;Werfenweng;5453;Salzburg
50501;Göriach;5574;Salzburg
50502;Lessach;5575;Salzburg
50503;Mariapfarr;5571;Salzburg
50504;Mauterndorf;5570;Salzburg
50505;Muhr;5583;Salzburg
50506;Ramingstein;5591;Salzburg
50507;St. Andrä im Lungau;5572;Salzburg
50508;St. Margarethen im Lungau;5581;Salzburg
50509;St. Michael im Lungau;5582;Salzburg
50510;Tamsweg;5580;Salzburg
50511;Thomatal;5592;Salzburg
50512;Tweng;5563;Salzburg
50513;Unternberg;5585;Salzburg
50514;Weißpriach;5573;Salzburg
50515;Zederhaus;5584;Salzburg
50601;Bramberg am Wildkogel;5733;Salzburg
50602;Bruck an der Großglocknerstraße;5671;Salzburg
50603;Dienten am Hochkönig;5652;Salzburg
50604;Fusch an der Großglocknerstraße;5672;Salzburg
50605;Hollersbach im Pinzgau;5731;Salzburg
50606;Kaprun;5710;Salzburg
50607;Krimml;5743;Salzburg
50608;Lend;5651;Salzburg
50609;Leogang;5771;Salzburg
50610;Lofer;5090;Salzburg
50611;Maishofen;5751;Salzburg
50612;Maria Alm am Steinernen Meer;5761;Salzburg
50613;Mittersill;5730;Salzburg
50614;Neukirchen am Großvenediger;5741;Salzburg
50615;Niedernsill;5722;Salzburg
50616;Piesendorf;5721;Salzburg
50617;Rauris;5661;Salzburg
50618;Saalbach-Hinterglemm;5753;Salzburg
50619;Saalfelden am Steinernen Meer;5760;Salzburg
50620;St. Martin bei Lofer;5092;Salzburg
50621;Stuhlfelden;5724;Salzburg
50622;Taxenbach;5660;Salzburg
50623;Unken;5091;Salzburg
50624;Uttendorf;5723;Salzburg
50625;Viehhofen;5752;Salzburg
50626;Wald im Pinzgau;5742;Salzburg
50627;Weißbach bei Lofer;5093;Salzburg
50628;Zell am See;5700;Salzburg
60101;Graz;8010;Steiermark
60305;Frauental an der Laßnitz;8523;Steiermark
60318;Lannach;8502;Steiermark
60323;Pölfing-Brunn;8544;Steiermark
60324;Preding;8504;Steiermark
60326;Sankt Josef (Weststeiermark);8503;Steiermark
60329;Sankt Peter im Sulmtal;8542;Steiermark
60341;Wettmannstätten;8521;Steiermark
60344;Deutschlandsberg;8530;Steiermark
60345;Eibiswald;8552;Steiermark
60346;Groß Sankt Florian;8522;Steiermark
60347;Sankt Martin im Sulmtal;8543;Steiermark
60348;Sankt Stefan ob Stainz;8511;Steiermark
60349;Bad Schwanberg;8541;Steiermark
60350;Stainz;8510;Steiermark
60351;Wies;8551;Steiermark
60608;Feldkirchen bei Graz;8073;Steiermark
60611;Gössendorf;8077;Steiermark
60613;Gratkorn;8101;Steiermark
60617;Hart bei Graz;8075;Steiermark
60618;Haselsdorf-Tobelbad;8144;Steiermark
60619;Hausmannstätten;8071;Steiermark
60623;Kainbach bei Graz;8010;Steiermark
60624;Kalsdorf bei Graz;8401;Steiermark
60626;Kumberg;8062;Steiermark
60628;Laßnitzhöhe;8301;Steiermark
60629;Lieboch;8501;Steiermark
60632;Peggau;8120;Steiermark
60639;Sankt Bartholomä;8113;Steiermark
60641;Sankt Oswald bei Plankenwarth;8113;Steiermark
60642;Sankt Radegund bei Graz;8061;Steiermark
60645;Semriach;8102;Steiermark
60646;Stattegg;8046;Steiermark
60647;Stiwoll;8113;Steiermark
60648;Thal;8051;Steiermark
60651;Übelbach;8124;Steiermark
60653;Vasoldsberg;8076;Steiermark
60654;Weinitzen;8044;Steiermark
60655;Werndorf;8402;Steiermark
60656;Wundschuh;8142;Steiermark
60659;Deutschfeistritz;8121;Steiermark
60660;Dobl-Zwaring;8143;Steiermark
60661;Eggersdorf bei Graz;8063;Steiermark
60662;Fernitz-Mellach;8072;Steiermark
60663;Frohnleiten;8130;Steiermark
60664;Gratwein-Straßengel;8111;Steiermark
60665;Hitzendorf;8151;Steiermark
60666;Nestelbach bei Graz;8302;Steiermark
60667;Raaba-Grambach;8074;Steiermark
60668;Sankt Marein bei Graz;8323;Steiermark
60669;Seiersberg-Pirka;8054;Steiermark
60670;Premstätten;8141;Steiermark
61001;Allerheiligen bei Wildon;8412;Steiermark
61002;Arnfels;8454;Steiermark
61007;Empersdorf;8081;Steiermark
61008;Gabersdorf;8424;Steiermark
61012;Gralla;8431;Steiermark
61013;Großklein;8452;Steiermark
61016;Heimschuh;8451;Steiermark
61017;Hengsberg;8411;Steiermark
61019;Kitzeck im Sausal;8442;Steiermark
61020;Lang;8403;Steiermark
61021;Lebring-Sankt Margarethen;8403;Steiermark
61024;Oberhaag;8455;Steiermark
61027;Ragnitz;8413;Steiermark
61030;Sankt Andrä-Höch;8444;Steiermark
61032;Sankt Johann im Saggautal;8453;Steiermark
61033;Sankt Nikolai im Sausal;8505;Steiermark
61043;Tillmitsch;8434;Steiermark
61045;Wagna;8435;Steiermark
61049;Ehrenhausen an der Weinstraße;8461;Steiermark
61050;Gamlitz;8462;Steiermark
61051;Gleinstätten;8443;Steiermark
61052;Heiligenkreuz am Waasen;8081;Steiermark
61053;Leibnitz;8430;Steiermark
61054;Leutschach an der Weinstraße;8463;Steiermark
61055;Sankt Georgen an der Stiefing;8413;Steiermark
61057;Schwarzautal;8421;Steiermark
61059;Wildon;8410;Steiermark
61060;Sankt Veit in der Südsteiermark;8423;Steiermark
61061;Straß in Steiermark;8472;Steiermark
61101;Eisenerz;8790;Steiermark
61105;Kalwang;8775;Steiermark
61106;Kammern im Liesingtal;8773;Steiermark
61107;Kraubath an der Mur;8714;Steiermark
61108;Leoben;8700;Steiermark
61109;Mautern in Steiermark;8774;Steiermark
61110;Niklasdorf;8712;Steiermark
61111;Proleb;8712;Steiermark
61112;Radmer;8795;Steiermark
61113;Sankt Michael in Obersteiermark;8770;Steiermark
61114;Sankt Peter-Freienstein;8792;Steiermark
61115;Sankt Stefan ob Leoben;8713;Steiermark
61116;Traboch;8772;Steiermark
61118;Vordernberg;8794;Steiermark
61119;Wald am Schoberpaß;8781;Steiermark
61120;Trofaiach;8793;Steiermark
61203;Aigen im Ennstal;8943;Steiermark
61204;Altaussee;8992;Steiermark
61205;Altenmarkt bei Sankt Gallen;8934;Steiermark
61206;Ardning;8904;Steiermark
61207;Bad Aussee;8990;Steiermark
61213;Gröbming;8962;Steiermark
61215;Grundlsee;8993;Steiermark
61217;Haus;8967;Steiermark
61222;Lassing;8903;Steiermark
61236;Ramsau am Dachstein;8972;Steiermark
61243;Selzthal;8900;Steiermark
61247;Trieben;8784;Steiermark
61251;Wildalpen;8924;Steiermark
61252;Wörschach;8942;Steiermark
61253;Admont;8911;Steiermark
61254;Aich;8966;Steiermark
61255;Bad Mitterndorf;8983;Steiermark
61256;Gaishorn am See;8783;Steiermark
61257;Irdning-Donnersbachtal;8952;Steiermark
61258;Landl;8931;Steiermark
61259;Liezen;8940;Steiermark
61260;Michaelerberg-Pruggern;8965;Steiermark
61261;Mitterberg-Sankt Martin;8962;Steiermark
61262;Öblarn;8960;Steiermark
61263;Rottenmann;8786;Steiermark
61264;Sankt Gallen;8933;Steiermark
61265;Schladming;8970;Steiermark
61266;Sölk;8961;Steiermark
61267;Stainach-Pürgg;8950;Steiermark
61410;Mühlen;8822;Steiermark
61413;Niederwölz;8831;Steiermark
61425;St. Peter am Kammersberg;8843;Steiermark
61428;Schöder;8844;Steiermark
61437;Krakau;8854;Steiermark
61438;Murau;8850;Steiermark
61439;Neumarkt in der Steiermark;8820;Steiermark
61440;Oberwölz;8832;Steiermark
61441;Ranten;8853;Steiermark
61442;Sankt Georgen am Kreischberg;8861;Steiermark
61443;Sankt Lambrecht;8813;Steiermark
61444;Scheifling;8811;Steiermark
61445;Stadl-Predlitz;8862;Steiermark
61446;Teufenbach-Katsch;8833;Steiermark
61611;Krottendorf-Gaisfeld;8564;Steiermark
61612;Ligist;8563;Steiermark
61615;Mooskirchen;8562;Steiermark
61618;Rosental an der Kainach;8582;Steiermark
61621;Sankt Martin am Wöllmißberg;8580;Steiermark
61624;Stallhofen;8152;Steiermark
61625;Voitsberg;8570;Steiermark
61626;Bärnbach;8572;Steiermark
61627;Edelschrott;8583;Steiermark
61628;Geistthal-Södingberg;8152;Steiermark
61629;Hirschegg-Pack;8584;Steiermark
61630;Kainach bei Voitsberg;8573;Steiermark
61631;Köflach;8580;Steiermark
61632;Maria Lankowitz;8591;Steiermark
61633;Söding-Sankt Johann;8561;Steiermark
61701;Albersdorf-Prebuch;8200;Steiermark
61708;Fischbach;8654;Steiermark
61710;Floing;8183;Steiermark
61711;Gasen;8616;Steiermark
61716;Markt Hartmannsdorf;8311;Steiermark
61719;Hofstätten an der Raab;8200;Steiermark
61727;Ludersdorf-Wilfersdorf;8200;Steiermark
61728;Miesenbach bei Birkfeld;8190;Steiermark
61729;Mitterdorf an der Raab;8181;Steiermark
61730;Mortantsch;8160;Steiermark
61731;Naas;8160;Steiermark
61740;Puch bei Weiz;8182;Steiermark
61741;Ratten;8673;Steiermark
61743;Rettenegg;8674;Steiermark
61744;St. Kathrein am Hauenstein;8672;Steiermark
61745;Sankt Kathrein am Offenegg;8171;Steiermark
61746;St. Margarethen an der Raab;8321;Steiermark
61748;Sinabelkirchen;8261;Steiermark
61750;Strallegg;8192;Steiermark
61751;Thannhausen;8160;Steiermark
61756;Anger;8184;Steiermark
61757;Birkfeld;8190;Steiermark
61758;Fladnitz an der Teichalm;8163;Steiermark
61759;Gersdorf an der Feistritz;8213;Steiermark
61760;Gleisdorf;8200;Steiermark
61761;Gutenberg;8164;Steiermark
61762;Ilztal;8211;Steiermark
61763;Passail;8162;Steiermark
61764;Pischelsdorf am Kulm;8212;Steiermark
61765;Sankt Ruprecht an der Raab;8181;Steiermark
61766;Weiz;8160;Steiermark
62007;Fohnsdorf;8753;Steiermark
62008;Gaal;8731;Steiermark
62010;Hohentauern;8785;Steiermark
62014;Kobenz;8723;Steiermark
62021;Pusterwald;8764;Steiermark
62026;Sankt Georgen ob Judenburg;8756;Steiermark
62032;Sankt Peter ob Judenburg;8755;Steiermark
62034;Seckau;8732;Steiermark
62036;Unzmarkt-Frauenburg;8800;Steiermark
62038;Zeltweg;8740;Steiermark
62039;Lobmingtal;8734;Steiermark
62040;Judenburg;8750;Steiermark
62041;Knittelfeld;8720;Steiermark
62042;Obdach;8742;Steiermark
62043;Pöls-Oberkurzheim;8761;Steiermark
62044;Pölstal;8763;Steiermark
62045;Sankt Marein-Feistritz;8733;Steiermark
62046;Sankt Margarethen bei Knittelfeld;8720;Steiermark
62047;Spielberg;8724;Steiermark
62048;Weißkirchen in Steiermark;8741;Steiermark
62105;Breitenau am Hochlantsch;8614;Steiermark
62115;Krieglach;8670;Steiermark
62116;Langenwang;8665;Steiermark
62125;Pernegg an der Mur;8132;Steiermark
62128;Sankt Lorenzen im Mürztal;8642;Steiermark
62131;Spital am Semmering;8684;Steiermark
62132;Stanz im Mürztal;8653;Steiermark
62135;Turnau;8625;Steiermark
62138;Aflenz;8623;Steiermark
62139;Bruck an der Mur;8600;Steiermark
62140;Kapfenberg;8605;Steiermark
62141;Kindberg;8650;Steiermark
62142;Mariazell;8630;Steiermark
62143;Mürzzuschlag;8680;Steiermark
62144;Neuberg an der Mürz;8692;Steiermark
62145;Sankt Barbara im Mürztal;8662;Steiermark
62146;Sankt Marein im Mürztal;8641;Steiermark
62147;Thörl;8621;Steiermark
62148;Tragöß-Sankt Katharein;8611;Steiermark
62202;Bad Blumau;8283;Steiermark
62205;Buch-St. Magdalena;8274;Steiermark
62206;Burgau;8291;Steiermark
62209;Ebersdorf;8273;Steiermark
62211;Friedberg;8240;Steiermark
62214;Greinbach;8230;Steiermark
62216;Großsteinbach;8265;Steiermark
62219;Hartberg;8230;Steiermark
62220;Hartberg Umgebung;8230;Steiermark
62226;Lafnitz;8233;Steiermark
62232;Ottendorf an der Rittschein;8312;Steiermark
62233;Pinggau;8243;Steiermark
62235;Pöllauberg;8225;Steiermark
62242;Sankt Jakob im Walde;8255;Steiermark
62244;Sankt Johann in der Haide;8295;Steiermark
62245;Sankt Lorenzen am Wechsel;8242;Steiermark
62247;Schäffern;8244;Steiermark
62256;Stubenberg;8223;Steiermark
62262;Wenigzell;8254;Steiermark
62264;Bad Waltersdorf;8271;Steiermark
62265;Dechantskirchen;8241;Steiermark
62266;Feistritztal;8221;Steiermark
62268;Grafendorf bei Hartberg;8232;Steiermark
62269;Großwilfersdorf;8263;Steiermark
62270;Hartl;8224;Steiermark
62271;Ilz;8262;Steiermark
62272;Kaindorf;8224;Steiermark
62273;Bad Loipersdorf;8282;Steiermark
62274;Neudau;8292;Steiermark
62275;Pöllau;8225;Steiermark
62276;Rohr bei Hartberg;8294;Steiermark
62277;Rohrbach an der Lafnitz;8234;Steiermark
62278;Vorau;8250;Steiermark
62279;Waldbach-Mönichwald;8252;Steiermark
62280;Fürstenfeld;8280;Steiermark
62311;Edelsbach bei Feldbach;8332;Steiermark
62314;Eichkögl;8322;Steiermark
62326;Halbenrain;8492;Steiermark
62330;Jagerberg;8091;Steiermark
62332;Kapfenstein;8353;Steiermark
62335;Klöch;8493;Steiermark
62343;Mettersdorf am Saßbach;8092;Steiermark
62368;Tieschen;8355;Steiermark
62372;Unterlamm;8352;Steiermark
62375;Bad Gleichenberg;8344;Steiermark
62376;Bad Radkersburg;8490;Steiermark
62377;Deutsch Goritz;8483;Steiermark
62378;Fehring;8350;Steiermark
62379;Feldbach;8330;Steiermark
62380;Gnas;8342;Steiermark
62381;Kirchbach-Zerlach;8082;Steiermark
62382;Kirchberg an der Raab;8324;Steiermark
62383;Mureck;8480;Steiermark
62384;Paldau;8341;Steiermark
62385;Pirching am Traubenberg;8081;Steiermark
62386;Riegersburg;8333;Steiermark
62387;Sankt Anna am Aigen;8354;Steiermark
62388;Sankt Peter am Ottersbach;8093;Steiermark
62389;Sankt Stefan im Rosental;8083;Steiermark
62390;Straden;8345;Steiermark
70101;Innsbruck;6020;Tirol
70201;Arzl im Pitztal;6471;Tirol
70202;Haiming;6425;Tirol
70203;Imst;6460;Tirol
70204;Imsterberg;6492;Tirol
70205;Jerzens;6474;Tirol
70206;Karres;6462;Tirol
70207;Karrösten;6463;Tirol
70208;Längenfeld;6444;Tirol
70209;Mieming;6414;Tirol
70210;Mils bei Imst;6493;Tirol
70211;Mötz;6423;Tirol
70212;Nassereith;6465;Tirol
70213;Obsteig;6416;Tirol
70214;Oetz;6433;Tirol
70215;Rietz;6421;Tirol
70216;Roppen;6426;Tirol
70217;St. Leonhard im Pitztal;6481;Tirol
70218;Sautens;6432;Tirol
70219;Silz;6424;Tirol
70220;Sölden;6450;Tirol
70221;Stams;6422;Tirol
70222;Tarrenz;6464;Tirol
70223;Umhausen;6441;Tirol
70224;Wenns;6473;Tirol
70301;Absam;6067;Tirol
70302;Aldrans;6071;Tirol
70303;Ampass;6070;Tirol
70304;Axams;6094;Tirol
70305;Baumkirchen;6121;Tirol
70306;Birgitz;6092;Tirol
70307;Ellbögen;6083;Tirol
70308;Flaurling;6403;Tirol
70309;Fritzens;6122;Tirol
70310;Fulpmes;6166;Tirol
70311;Gnadenwald;6069;Tirol
70312;Götzens;6091;Tirol
70313;Gries am Brenner;6156;Tirol
70314;Gries im Sellrain;6182;Tirol
70315;Grinzens;6095;Tirol
70317;Gschnitz;6150;Tirol
70318;Hatting;6402;Tirol
70319;Inzing;6401;Tirol
70320;Kematen in Tirol;6175;Tirol
70322;Kolsass;6114;Tirol
70323;Kolsassberg;6115;Tirol
70325;Lans;6072;Tirol
70326;Leutasch;6105;Tirol
70328;Mieders;6142;Tirol
70329;Mils;6068;Tirol
70331;Mutters;6162;Tirol
70332;Natters;6161;Tirol
70333;Navis;6145;Tirol
70334;Neustift im Stubaital;6167;Tirol
70335;Oberhofen im Inntal;6406;Tirol
70336;Obernberg am Brenner;6157;Tirol
70337;Oberperfuss;6173;Tirol
70338;Patsch;6082;Tirol
70339;Pettnau;6408;Tirol
70340;Pfaffenhofen;6405;Tirol
70342;Polling in Tirol;6404;Tirol
70343;Ranggen;6179;Tirol
70344;Reith bei Seefeld;6103;Tirol
70345;Rinn;6074;Tirol
70346;Rum;6063;Tirol
70347;St. Sigmund im Sellrain;6184;Tirol
70348;Scharnitz;6108;Tirol
70349;Schmirn;6154;Tirol
70350;Schönberg im Stubaital;6141;Tirol
70351;Seefeld in Tirol;6100;Tirol
70352;Sellrain;6181;Tirol
70353;Sistrans;6073;Tirol
70354;Hall in Tirol;6060;Tirol
70355;Steinach am Brenner;6150;Tirol
70356;Telfes im Stubai;6165;Tirol
70357;Telfs;6410;Tirol
70358;Thaur;6065;Tirol
70359;Trins;6152;Tirol
70360;Tulfes;6075;Tirol
70361;Unterperfuss;6178;Tirol
70362;Vals;6154;Tirol
70364;Völs;6176;Tirol
70365;Volders;6111;Tirol
70366;Wattenberg;6113;Tirol
70367;Wattens;6112;Tirol
70368;Wildermieming;6413;Tirol
70369;Zirl;6170;Tirol
70370;Matrei am Brenner;6143;Tirol
70401;Aurach bei Kitzbühel;6371;Tirol
70402;Brixen im Thale;6364;Tirol
70403;Fieberbrunn;6391;Tirol
70404;Going am Wilden Kaiser;6353;Tirol
70405;Hochfilzen;6395;Tirol
70406;Hopfgarten im Brixental;6361;Tirol
70407;Itter;6305;Tirol
70408;Jochberg;6373;Tirol
70409;Kirchberg in Tirol;6365;Tirol
70410;Kirchdorf in Tirol;6382;Tirol
70411;Kitzbühel;6370;Tirol
70412;Kössen;6345;Tirol
70413;Oberndorf in Tirol;6372;Tirol
70414;Reith bei Kitzbühel;6370;Tirol
70415;St. Jakob in Haus;6392;Tirol
70416;St. Johann in Tirol;6380;Tirol
70417;St. Ulrich am Pillersee;6393;Tirol
70418;Schwendt;6385;Tirol
70419;Waidring;6384;Tirol
70420;Westendorf;6363;Tirol
70501;Alpbach;6236;Tirol
70502;Angath;6321;Tirol
70503;Bad Häring;6323;Tirol
70504;Brandenberg;6234;Tirol
70505;Breitenbach am Inn;6252;Tirol
70506;Brixlegg;6230;Tirol
70508;Ebbs;6341;Tirol
70509;Ellmau;6352;Tirol
70510;Erl;6343;Tirol
70511;Kirchbichl;6322;Tirol
70512;Kramsach;6233;Tirol
70513;Kufstein;6330;Tirol
70514;Kundl;6250;Tirol
70515;Langkampfen;6336;Tirol
70516;Mariastein;6324;Tirol
70517;Münster;6232;Tirol
70518;Niederndorf;6342;Tirol
70519;Niederndorferberg;6346;Tirol
70520;Radfeld;6241;Tirol
70521;Rattenberg;6240;Tirol
70522;Reith im Alpbachtal;6235;Tirol
70523;Rettenschöss;6347;Tirol
70524;Scheffau am Wilden Kaiser;6351;Tirol
70525;Schwoich;6334;Tirol
70526;Söll;6306;Tirol
70527;Thiersee;6335;Tirol
70528;Angerberg;6320;Tirol
70529;Walchsee;6344;Tirol
70530;Wildschönau;6311;Tirol
70531;Wörgl;6300;Tirol
70601;Faggen;6525;Tirol
70602;Fendels;6528;Tirol
70603;Fiss;6533;Tirol
70604;Fließ;6521;Tirol
70605;Flirsch;6572;Tirol
70606;Galtür;6563;Tirol
70607;Grins;6591;Tirol
70608;Ischgl;6561;Tirol
70609;Kappl;6555;Tirol
70610;Kaunerberg;6527;Tirol
70611;Kaunertal;6524;Tirol
70612;Kauns;6526;Tirol
70613;Ladis;6532;Tirol
70614;Landeck;6500;Tirol
70615;Nauders;6543;Tirol
70616;Pettneu am Arlberg;6574;Tirol
70617;Pfunds;6542;Tirol
70618;Pians;6551;Tirol
70619;Prutz;6522;Tirol
70620;Ried im Oberinntal;6531;Tirol
70621;St. Anton am Arlberg;6580;Tirol
70622;Schönwies;6491;Tirol
70623;See;6553;Tirol
70624;Serfaus;6534;Tirol
70625;Spiss;6544;Tirol
70626;Stanz bei Landeck;6500;Tirol
70627;Strengen;6571;Tirol
70628;Tobadill;6552;Tirol
70629;Tösens;6541;Tirol
70630;Zams;6511;Tirol
70701;Abfaltersbach;9913;Tirol
70702;Ainet;9951;Tirol
70703;Amlach;9908;Tirol
70704;Anras;9912;Tirol
70705;Assling;9911;Tirol
70706;Außervillgraten;9931;Tirol
70707;Dölsach;9991;Tirol
70708;Gaimberg;9905;Tirol
70709;Hopfgarten in Defereggen;9961;Tirol
70710;Innervillgraten;9932;Tirol
70711;Iselsberg-Stronach;9992;Tirol
70712;Kals am Großglockner;9981;Tirol
70713;Kartitsch;9941;Tirol
70714;Lavant;9906;Tirol
70715;Leisach;9909;Tirol
70716;Lienz;9900;Tirol
70717;Matrei in Osttirol;9971;Tirol
70718;Nikolsdorf;9782;Tirol
70719;Nußdorf-Debant;9990;Tirol
70720;Oberlienz;9903;Tirol
70721;Obertilliach;9942;Tirol
70723;Prägraten am Großvenediger;9974;Tirol
70724;St. Jakob in Defereggen;9963;Tirol
70725;St. Johann im Walde;9952;Tirol
70726;St. Veit in Defereggen;9962;Tirol
70727;Schlaiten;9954;Tirol
70728;Sillian;9920;Tirol
70729;Strassen;9918;Tirol
70731;Thurn;9904;Tirol
70732;Tristach;9907;Tirol
70733;Untertilliach;9943;Tirol
70734;Virgen;9972;Tirol
70735;Heinfels;9919;Tirol
70801;Bach;6653;Tirol
70802;Berwang;6622;Tirol
70803;Biberwier;6633;Tirol
70804;Bichlbach;6621;Tirol
70805;Breitenwang;6600;Tirol
70806;Ehenbichl;6600;Tirol
70807;Ehrwald;6632;Tirol
70808;Elbigenalp;6652;Tirol
70809;Elmen;6644;Tirol
70810;Forchach;6670;Tirol
70811;Grän;6673;Tirol
70812;Gramais;6650;Tirol
70813;Häselgehr;6651;Tirol
70814;Heiterwang;6611;Tirol
70815;Hinterhornbach;6646;Tirol
70816;Höfen;6604;Tirol
70817;Holzgau;6654;Tirol
70818;Jungholz;6691;Tirol
70819;Kaisers;6655;Tirol
70820;Lechaschau;6600;Tirol
70821;Lermoos;6631;Tirol
70822;Musau;6600;Tirol
70823;Namlos;6623;Tirol
70824;Nesselwängle;6672;Tirol
70825;Pfafflar;6647;Tirol
70826;Pflach;6600;Tirol
70827;Pinswang;6600;Tirol
70828;Reutte;6600;Tirol
70829;Schattwald;6677;Tirol
70830;Stanzach;6642;Tirol
70831;Steeg;6655;Tirol
70832;Tannheim;6675;Tirol
70833;Vils;6682;Tirol
70834;Vorderhornbach;6645;Tirol
70835;Wängle;6610;Tirol
70836;Weißenbach am Lech;6671;Tirol
70837;Zöblen;6677;Tirol
70901;Achenkirch;6215;Tirol
70902;Aschau im Zillertal;6274;Tirol
70903;Brandberg;6290;Tirol
70904;Bruck am Ziller;6260;Tirol
70905;Buch in Tirol;6220;Tirol
70907;Eben am Achensee;6212;Tirol
70908;Finkenberg;6292;Tirol
70909;Fügen;6263;Tirol
70910;Fügenberg;6264;Tirol
70911;Gallzein;6222;Tirol
70912;Gerlos;6281;Tirol
70913;Gerlosberg;6280;Tirol
70914;Hainzenberg;6278;Tirol
70915;Hart im Zillertal;6265;Tirol
70916;Hippach;6283;Tirol
70917;Jenbach;6200;Tirol
70918;Kaltenbach;6272;Tirol
70920;Mayrhofen;6290;Tirol
70921;Pill;6136;Tirol
70922;Ramsau im Zillertal;6284;Tirol
70923;Ried im Zillertal;6273;Tirol
70924;Rohrberg;6280;Tirol
70925;Schlitters;6262;Tirol
70926;Schwaz;6130;Tirol
70927;Schwendau;6283;Tirol
70928;Stans;6135;Tirol
70929;Steinberg am Rofan;6215;Tirol
70930;Strass im Zillertal;6261;Tirol
70931;Stumm;6275;Tirol
70932;Stummerberg;6275;Tirol
70933;Terfens;6123;Tirol
70934;Tux;6293;Tirol
70935;Uderns;6271;Tirol
70936;Vomp;6134;Tirol
70937;Weer;6116;Tirol
70938;Weerberg;6133;Tirol
70939;Wiesing;6210;Tirol
70940;Zell am Ziller;6280;Tirol
70941;Zellberg;6277;Tirol
80101;Bartholomäberg;6781;Vorarlberg
80102;Blons;6723;Vorarlberg
80103;Bludenz;6700;Vorarlberg
80104;Bludesch;6719;Vorarlberg
80105;Brand;6708;Vorarlberg
80106;Bürs;6706;Vorarlberg
80107;Bürserberg;6707;Vorarlberg
80108;Dalaas;6752;Vorarlberg
80109;Fontanella;6733;Vorarlberg
80110;Gaschurn;6793;Vorarlberg
80111;Innerbraz;6751;Vorarlberg
80112;Klösterle;6754;Vorarlberg
80113;Lech;6764;Vorarlberg
80114;Lorüns;6700;Vorarlberg
80115;Ludesch;6713;Vorarlberg
80116;Nenzing;6710;Vorarlberg
80117;Nüziders;6714;Vorarlberg
80118;Raggal;6741;Vorarlberg
80119;St. Anton im Montafon;6771;Vorarlberg
80120;St. Gallenkirch;6791;Vorarlberg
80121;St. Gerold;6722;Vorarlberg
80122;Schruns;6780;Vorarlberg
80123;Silbertal;6782;Vorarlberg
80124;Sonntag;6731;Vorarlberg
80125;Stallehr;6700;Vorarlberg
80126;Thüringen;6712;Vorarlberg
80127;Thüringerberg;6721;Vorarlberg
80128;Tschagguns;6774;Vorarlberg
80129;Vandans;6773;Vorarlberg
80201;Alberschwende;6861;Vorarlberg
80202;Andelsbuch;6866;Vorarlberg
80203;Au;6883;Vorarlberg
80204;Bezau;6870;Vorarlberg
80205;Bildstein;6858;Vorarlberg
80206;Bizau;6874;Vorarlberg
80207;Bregenz;6900;Vorarlberg
80208;Buch;6960;Vorarlberg
80209;Damüls;6884;Vorarlberg
80210;Doren;6933;Vorarlberg
80211;Egg;6863;Vorarlberg
80212;Eichenberg;6911;Vorarlberg
80213;Fußach;6972;Vorarlberg
80214;Gaißau;6974;Vorarlberg
80215;Hard;6971;Vorarlberg
80216;Hittisau;6952;Vorarlberg
80217;Höchst;6973;Vorarlberg
80218;Hörbranz;6912;Vorarlberg
80219;Hohenweiler;6914;Vorarlberg
80220;Kennelbach;6921;Vorarlberg
80221;Krumbach;6942;Vorarlberg
80222;Langen bei Bregenz;6932;Vorarlberg
80223;Langenegg;6941;Vorarlberg
80224;Lauterach;6923;Vorarlberg
80225;Lingenau;6951;Vorarlberg
80226;Lochau;6911;Vorarlberg
80227;Mellau;6881;Vorarlberg
80228;Mittelberg;6991;Vorarlberg
80229;Möggers;6900;Vorarlberg
80230;Reuthe;6870;Vorarlberg
80231;Riefensberg;6943;Vorarlberg
80232;Schnepfau;6882;Vorarlberg
80233;Schoppernau;6886;Vorarlberg
80234;Schröcken;6888;Vorarlberg
80235;Schwarzach;6858;Vorarlberg
80236;Schwarzenberg;6867;Vorarlberg
80237;Sibratsgfäll;6952;Vorarlberg
80238;Sulzberg;6934;Vorarlberg
80239;Warth;6767;Vorarlberg
80240;Wolfurt;6922;Vorarlberg
80301;Dornbirn;6850;Vorarlberg
80302;Hohenems;6845;Vorarlberg
80303;Lustenau;6890;Vorarlberg
80401;Altach;6844;Vorarlberg
80402;Düns;6822;Vorarlberg
80403;Dünserberg;6822;Vorarlberg
80404;Feldkirch;6800;Vorarlberg
80405;Frastanz;6820;Vorarlberg
80406;Fraxern;6833;Vorarlberg
80407;Göfis;6811;Vorarlberg
80408;Götzis;6840;Vorarlberg
80409;Klaus;6833;Vorarlberg
80410;Koblach;6842;Vorarlberg
80411;Laterns;6830;Vorarlberg
80412;Mäder;6841;Vorarlberg
80413;Meiningen;6812;Vorarlberg
80414;Rankweil;6830;Vorarlberg
80415;Röns;6822;Vorarlberg
80416;Röthis;6832;Vorarlberg
80417;Satteins;6822;Vorarlberg
80418;Schlins;6824;Vorarlberg
80419;Schnifis;6822;Vorarlberg
80420;Sulz;6832;Vorarlberg
80421;Übersaxen;6834;Vorarlberg
80422;Viktorsberg;6836;Vorarlberg
80423;Weiler;6837;Vorarlberg
80424;Zwischenwasser;6835;Vorarlberg
90001;Wien;1010;Wien
